AH6.5,WBGene00003231
B0035.12.1,WBGene00007111
B0035.8,WBGene00001922
B0041.4,WBGene00004415
B0041.8.1,WBGene00015011
B0205.7,WBGene00002191
B0244.8,WBGene00015083
B0250.1,WBGene00004413
B0280.5,WBGene00015102
B0334.4,WBGene00007144
B0336.10.1,WBGene00004435
B0336.2.1,WBGene00000182
B0348.6b.1,WBGene00002061
B0365.3.1,WBGene00001137
B0365.6.1,WBGene00007153
B0379.3a,WBGene00003508
B0393.1.1,WBGene00004469
B0414.5,WBGene00000772
B0464.3,WBGene00007185
B0491.5.1,WBGene00007192
B0511.10,WBGene00001228
B0511.8.1,WBGene00044321
B0511.9c,WBGene00015235
B0546.1.1,WBGene00015248
C01B10.6a.1,WBGene00015280
C01G8.1a,WBGene00015312
C02E11.1b,WBGene00015344
C03B1.12,WBGene00003053
C04C3.3,WBGene00015413
C04F5.8,WBGene00015450
C05C8.1a,WBGene00015460
C05D11.11b.1,WBGene00003214
C06A1.5,WBGene00007355
C06A8.3,WBGene00015514
C06B8.8.1,WBGene00004452
C07A12.4a.1,WBGene00003963
C07G2.1a,WBGene00000465
C07H6.2,WBGene00015579
C08B11.3,WBGene00007433
C08B6.8a,WBGene00007429
C08H9.2a,WBGene00007463
C09D4.5.1,WBGene00004431
C09G4.3,WBGene00001051
C09H10.7,WBGene00007501
C10G11.7a.1,WBGene00015687
C10G8.4,WBGene00015683
C12C8.3a.1,WBGene00003026
C13B4.2,WBGene00006856
C14B1.2,WBGene00007573
C14B9.4b,WBGene00004042
C14B9.7,WBGene00004433
C14C10.5a,WBGene00007588
C14C6.5a,WBGene00015759
C15F1.6,WBGene00000198
C15F1.7a,WBGene00004930
C16A3.5.1,WBGene00015810
C16A3.9,WBGene00004482
C16C10.11.1,WBGene00007630
C16C10.4.1,WBGene00007625
C16H3.2,WBGene00002272
C17E4.5,WBGene00003904
C17F4.5,WBGene00015912
C17F4.7.1,WBGene00015913
C17G10.5.1,WBGene00003097
C17G10.9e,WBGene00015920
C17H12.13a,WBGene00015938
C17H12.14,WBGene00006917
C17H12.8.1,WBGene00015933
C18D11.4a.1,WBGene00004705
C18E9.4.1,WBGene00007684
C18E9.6,WBGene00007686
C18G1.5,WBGene00001855
C23G10.2a.1,WBGene00016011
C23G10.3,WBGene00004472
C23H5.8a,WBGene00016027
C24F3.1b,WBGene00007696
C25A1.10a.1,WBGene00000931
C25A1.8,WBGene00007709
C25B8.3a,WBGene00000786
C25B8.4b,WBGene00016088
C26C6.2,WBGene00001648
C26E6.3,WBGene00016139
C26E6.4,WBGene00016140
C26F1.4.1,WBGene00004499
C27A2.2a,WBGene00004434
C27A2.3.1,WBGene00002068
C27B7.9,WBGene00007765
C28C12.7b,WBGene00004995
C28H8.4.1,WBGene00016195
C29E4.3a,WBGene00004303
C29H12.2.1,WBGene00016235
C30C11.4.1,WBGene00016250
C32D5.9,WBGene00002980
C32F10.1a.1,WBGene00016331
C33A12.1,WBGene00007880
C34B2.8,WBGene00016393
C34D4.14f,WBGene00016405
C34E10.6.1,WBGene00000229
C34F6.2,WBGene00000751
C35D10.1,WBGene00016439
C36B1.12c.1,WBGene00007979
C36B1.4.1,WBGene00003925
C36E6.3,WBGene00003369
C37A2.7,WBGene00016493
C38D4.4,WBGene00008005
C39E9.14a.1,WBGene00001007
C41G7.9b,WBGene00077771
C42C1.14,WBGene00004448
C44B12.2a,WBGene00003893
C44B7.1,WBGene00016623
C44E4.3,WBGene00016652
C44E4.6.1,WBGene00016655
C46F11.2a,WBGene00008117
C47B2.4,WBGene00003948
C47B2.5.1,WBGene00001234
C47E12.4b.1,WBGene00008149
C47G2.5c,WBGene00008166
C50C3.6,WBGene00004187
C50D2.5,WBGene00016808
C52E4.2c,WBGene00003235
C52E4.3.1,WBGene00004917
C53A5.1.1,WBGene00008262
C53B4.5,WBGene00000693
C53H9.1.1,WBGene00004441
C54G4.8,WBGene00000869
C55B7.4a,WBGene00016943
C56C10.3.1,WBGene00016961
C56C10.8.1,WBGene00002045
C56G7.1,WBGene00003372
D1007.1,WBGene00000440
D1007.4,WBGene00017002
D1007.5a,WBGene00017003
D1037.2,WBGene00004890
D1053.3,WBGene00008368
D1053.4,WBGene00008369
D1054.1,WBGene00008370
D1054.13b,WBGene00008379
D1054.15a.1,WBGene00006481
D1081.8,WBGene00008386
D1081.9,WBGene00008387
D1086.3,WBGene00008390
D2007.5.1,WBGene00017045
D2013.5,WBGene00001134
D2013.8a,WBGene00004744
D2021.4a.1,WBGene00017048
D2024.8,WBGene00000688
D2030.3.1,WBGene00008413
D2030.9a.1,WBGene00008419
D2096.5,WBGene00017072
D2096.6,WBGene00017073
DH11.5d,WBGene00008438
DY3.5,WBGene00004115
E_BE45912.2,WBGene00017153
E01A2.3,WBGene00003029
E01G4.1b,WBGene00008444
E02H1.5,WBGene00008457
E04A4.4a,WBGene00001983
E04A4.5,WBGene00017119
E04A4.6,WBGene00017120
E04F6.4,WBGene00017124
E04F6.6,WBGene00017126
EEED8.16,WBGene00017144
F01F1.10b,WBGene00017164
F01F1.11,WBGene00017165
F01F1.9,WBGene00017163
F01G4.1,WBGene00004204
F01G4.4b,WBGene00008503
F01G4.5,WBGene00008504
F01G4.6b.1,WBGene00008505
F02A9.1,WBGene00008513
F02E11.4,WBGene00017182
F02E9.4b,WBGene00004117
F02E9.5a.1,WBGene00008530
F07A11.1,WBGene00008545
F07A11.6b,WBGene00008549
F08B12.3g,WBGene00004831
F08B4.6,WBGene00002028
F08C6.4a,WBGene00006063
F08F8.6,WBGene00017271
F09A5.3a,WBGene00008600
F09C8.2,WBGene00008622
F09E5.12,WBGene00017290
F09F3.9.1,WBGene00008629
F09F7.3.1,WBGene00017300
F09G2.8b,WBGene00017316
F10A3.8,WBGene00006154
F10B5.8,WBGene00008642
F10C5.2.1,WBGene00017328
F10E7.4,WBGene00006893
F10E7.9,WBGene00017350
F10G7.10a,WBGene00017373
F10G7.11,WBGene00017374
F10G7.7,WBGene00017371
F11C7.4,WBGene00000792
F11E6.1d,WBGene00008706
F11E6.2,WBGene00001733
F11E6.6,WBGene00008709
F11G11.12,WBGene00000649
F11G11.3,WBGene00001754
F11H8.2,WBGene00017389
F12E12.9,WBGene00044693
F13B10.1f,WBGene00006575
F13D11.4.1,WBGene00017429
F13D12.2.1,WBGene00002262
F13D12.5,WBGene00008740
F13G11.1b.1,WBGene00007058
F13H10.4a,WBGene00008775
F14B4.1,WBGene00008779
F14D7.9,WBGene00008796
F14F4.3,WBGene00003411
F14H3.4,WBGene00008823
F14H8.6b,WBGene00000562
F15A2.6a,WBGene00004719
F15A8.6b,WBGene00017478
F15B10.2a,WBGene00001090
F16B12.4,WBGene00008880
F16B4.1a,WBGene00017503
F17C11.7a.1,WBGene00008918
F17C11.8.1,WBGene00008919
F17E5.2,WBGene00008924
F18A1.4a,WBGene00003045
F18A1.6b.1,WBGene00017547
F19B2.7,WBGene00008946
F19H8.5,WBGene00008965
F20D1.8,WBGene00008978
F20D1.9,WBGene00008979
F20D12.3,WBGene00000242
F20G4.2,WBGene00008991
F20H11.2,WBGene00002889
F21C3.2,WBGene00009001
F21C3.4a,WBGene00004324
F21D12.3.1,WBGene00017663
F21F8.10,WBGene00006183
F21F8.11,WBGene00017681
F21F8.3.1,WBGene00000218
F21F8.4.1,WBGene00017678
F21H12.5,WBGene00001402
F22A3.3,WBGene00001619
F22A3.5,WBGene00017690
F22A3.7,WBGene00044605
F22B3.10a,WBGene00045122
F22B3.2,WBGene00001937
F22B3.8,WBGene00009039
F22D6.12.1,WBGene00001644
F22D6.15,WBGene00009056
F22D6.2,WBGene00009050
F22G12.7,WBGene00044707
F23B2.4,WBGene00000906
F23C8.3b,WBGene00017732
F23F1.6,WBGene00017747
F23F12.3,WBGene00017751
F23H11.2,WBGene00017758
F23H11.4a,WBGene00017760
F23H11.8a,WBGene00003969
F25B3.4,WBGene00009101
F25B4.6,WBGene00017769
F25B5.2b.1,WBGene00017774
F25B5.3b,WBGene00017775
F25B5.4a.1,WBGene00006727
F25D1.4,WBGene00009109
F25G6.9,WBGene00017800
F25H2.1,WBGene00006578
F25H2.2,WBGene00009116
F25H2.3,WBGene00009117
F25H2.7,WBGene00009121
F25H5.2,WBGene00009125
F26A10.2,WBGene00017814
F26A3.1,WBGene00009140
F26A3.8a,WBGene00004508
F26B1.1,WBGene00017815
F26C11.3b,WBGene00009147
F26D10.11,WBGene00009155
F26D10.12a,WBGene00009156
F26D10.13,WBGene00044244
F26E4.4,WBGene00009159
F26E4.7a,WBGene00009162
F26E4.8b,WBGene00006528
F26F2.8,WBGene00023504
F27C1.6.1,WBGene00017855
F27C8.5,WBGene00009185
F27C8.6.1,WBGene00009186
F27D4.1,WBGene00009187
F27D9.3,WBGene00017862
F28D1.10.1,WBGene00001580
F28D1.4a,WBGene00009214
F28G4.4,WBGene00009229
F28H1.1,WBGene00017908
F29A7.8,WBGene00017918
F29B9.4c,WBGene00004205
F29C4.1a,WBGene00000897
F29C4.8j,WBGene00000674
F29D11.2,WBGene00009254
F29F11.2,WBGene00009255
F29F11.4,WBGene00006667
F29G9.4b,WBGene00001345
F30A10.10,WBGene00009267
F31B9.2,WBGene00009279
F31D4.1,WBGene00009289
F31D4.2,WBGene00009290
F31D4.7,WBGene00006687
F31E3.4,WBGene00017951
F32B6.8b.1,WBGene00009322
F32B6.9,WBGene00009323
F32D1.3a,WBGene00017983
F32D1.4a,WBGene00001722
F32D8.3,WBGene00009328
F32E10.3b,WBGene00017991
F32E10.4,WBGene00002074
F32H2.1a,WBGene00001568
F33A8.1,WBGene00002957
F33A8.3,WBGene00000472
F33C8.3,WBGene00006634
F33C8.4,WBGene00009358
F33D11.1,WBGene00018000
F33D11.10,WBGene00018007
F33D11.7,WBGene00018004
F33D4.6c,WBGene00017998
F33H1.1b,WBGene00000914
F33H2.2,WBGene00009366
F35C5.4,WBGene00009392
F35C5.5a,WBGene00009393
F35D11.3.1,WBGene00018044
F35F10.8,WBGene00006013
F35F11.1,WBGene00018064
F35F11.2,WBGene00018065
F35F11.3,WBGene00018066
F35G12.1a.1,WBGene00009439
F35G12.6,WBGene00003112
F36A2.4.1,WBGene00006682
F36A4.6,WBGene00000610
F36G9.9,WBGene00005514
F37B4.9,WBGene00018139
F37C12.2.1,WBGene00018150
F37C12.21,WBGene00194742
F37C12.3.1,WBGene00018151
F38A1.6,WBGene00009519
F38A5.11,WBGene00018168
F38E11.4,WBGene00009541
F38H4.7.1,WBGene00006415
F38H4.8b,WBGene00001151
F39B2.1,WBGene00009553
F39B2.4b,WBGene00006349
F39H11.3,WBGene00000409
F39H2.5.1,WBGene00045237
F40E3.5.1,WBGene00018232
F40F12.7.1,WBGene00009595
F40F12.9a.1,WBGene00043995
F40F4.8,WBGene00004124
F40F8.7.1,WBGene00004096
F40F9.5.1,WBGene00009582
F40G9.18,WBGene00189954
F41E6.14,WBGene00018295
F41E7.2.1,WBGene00009618
F41E7.6,WBGene00009622
F41G3.4,WBGene00001424
F42A10.2b,WBGene00003593
F42A10.4a,WBGene00001160
F42A6.1,WBGene00018323
F42A6.2,WBGene00018324
F42A6.9,WBGene00018330
F42C5.5a,WBGene00018347
F42F12.4.1,WBGene00009636
F43D9.3a,WBGene00009654
F43E2.4,WBGene00001812
F43E2.5.1,WBGene00018393
F43E2.7a,WBGene00018395
F43G6.7,WBGene00009659
F43G9.6a,WBGene00001414
F44B9.6,WBGene00003021
F44E2.4,WBGene00018418
F44E2.7a,WBGene00018420
F44E5.5.1,WBGene00009692
F44E7.2,WBGene00018424
F44F4.15,WBGene00194850
F45E12.2a,WBGene00000271
F45E4.11,WBGene00018473
F45G2.9,WBGene00009735
F45H10.4,WBGene00009741
F46A9.2,WBGene00009755
F46A9.3a,WBGene00006681
F46B6.6a,WBGene00009771
F46C8.7a,WBGene00018486
F46F11.1a,WBGene00018508
F46G11.6,WBGene00045269
F46H5.2a.1,WBGene00018518
F47B3.6,WBGene00018530
F47G9.6,WBGene00009833
F48A11.4a,WBGene00018585
F48D6.1.1,WBGene00006393
F48E3.3,WBGene00018604
F48E3.9,WBGene00018608
F48E8.4,WBGene00018611
F48E8.6,WBGene00018612
F49C12.1,WBGene00009871
F49C12.6,WBGene00009876
F49C12.7b,WBGene00009877
F49E12.10,WBGene00009903
F49E8.1b,WBGene00018635
F49E8.2a,WBGene00018636
F49E8.3b,WBGene00003914
F52B5.5a.1,WBGene00000467
F52D10.1,WBGene00009929
F52D2.12,WBGene00219451
F52D2.8b,WBGene00018690
F52E1.13a,WBGene00018700
F52E10.5,WBGene00002051
F53A2.3,WBGene00009951
F53A2.5,WBGene00001092
F53A3.2,WBGene00018721
F53A3.4b,WBGene00004128
F53A3.7,WBGene00018723
F53B7.2a,WBGene00009965
F53F1.10,WBGene00005096
F53F10.2a.1,WBGene00018764
F53F10.5.1,WBGene00003797
F53F4.10,WBGene00009992
F53F4.14.1,WBGene00009996
F53F8.5,WBGene00010002
F53F8.6,WBGene00010003
F53G12.4,WBGene00018772
F53H4.1,WBGene00000803
F54A3.2,WBGene00018781
F54A3.4,WBGene00018783
F54C1.5a,WBGene00001117
F54C1.8,WBGene00018792
F54C9.2,WBGene00006059
F54C9.3,WBGene00010041
F54C9.6a.1,WBGene00010042
F54C9.7,WBGene00010043
F54D10.9,WBGene00018810
F54D11.2.1,WBGene00018812
F54D5.2,WBGene00010048
F54D5.5b,WBGene00010051
F54D7.3a,WBGene00018798
F54D7.4,WBGene00006984
F54D8.1,WBGene00001076
F54D8.2.1,WBGene00006519
F54E4.4,WBGene00010060
F54F7.10,WBGene00077680
F54G8.5,WBGene00004223
F54H12.4,WBGene00018844
F55A3.2.1,WBGene00018848
F55B11.1,WBGene00010083
F55F8.1.1,WBGene00004224
F55F8.7,WBGene00018895
F55F8.9a,WBGene00018897
F55G1.15,WBGene00018907
F55G1.2,WBGene00001933
F55G1.8.1,WBGene00004044
F55H12.6a,WBGene00010137
F55H2.2.1,WBGene00010130
F55H2.5,WBGene00010131
F55H2.6,WBGene00000550
F56C4.2,WBGene00010145
F56C4.3a,WBGene00010146
F56C4.4a,WBGene00044977
F56C9.10b,WBGene00018953
F56C9.3.1,WBGene00018948
F56D12.4a,WBGene00002176
F56D12.6a,WBGene00018974
F56D2.5,WBGene00018966
F56E10.2a.1,WBGene00018976
F56F11.3.1,WBGene00018990
F56F11.4b,WBGene00018991
F56F3.2a,WBGene00003577
F56H1.3,WBGene00018994
F56H11.2a,WBGene00010175
F57B1.1,WBGene00010187
F57B10.1.1,WBGene00002783
F57B10.10,WBGene00000896
F57B10.12,WBGene00003184
F57B9.4a,WBGene00000762
F57B9.5,WBGene00000276
F57C2.2,WBGene00010194
F57F4.4.1,WBGene00019017
F57G9.4,WBGene00010220
F58A3.4,WBGene00010224
F58A4.14a,WBGene00043992
F58B3.4.1,WBGene00010231
F58B3.7,WBGene00010233
F58D2.2,WBGene00010241
F58D2.3,WBGene00044978
F58E10.1b,WBGene00010259
F58E10.2,WBGene00001310
F58E6.6,WBGene00010255
F59A2.2b,WBGene00010302
F59A3.9,WBGene00019082
F59D6.5,WBGene00005755
F59E10.1,WBGene00003882
F59E12.12,WBGene00000252
F59F4.1,WBGene00010336
F59H6.9,WBGene00019139
H01G02.4.1,WBGene00045108
H02F09.3,WBGene00019146
H02I12.3,WBGene00006459
H05B21.3,WBGene00005889
H05C05.1c,WBGene00019157
H06H21.11,WBGene00044483
H06I04.3a,WBGene00019168
H06I04.5,WBGene00019169
H06I04.6b.1,WBGene00019170
H13N06.6b,WBGene00006541
H19M22.3a,WBGene00019212
H20J18.1a.1,WBGene00004739
H22D07.1,WBGene00019224
H22D14.1,WBGene00010410
H24K24.2a,WBGene00019239
H28G03.6,WBGene00003477
H34C03.1,WBGene00004954
H37A05.2,WBGene00010426
JC8.16,WBGene00194915
JC8.2.1,WBGene00010435
JC8.3a,WBGene00004424
JC8.5a,WBGene00010437
JC8.6a,WBGene00003037
K01B6.4,WBGene00010455
K01C8.1.1,WBGene00010456
K01G5.2c,WBGene00001996
K01G5.3,WBGene00010477
K01G5.6.1,WBGene00004361
K02B2.4a,WBGene00002129
K02C4.2,WBGene00010501
K02D10.8.1,WBGene00219329
K02D3.2,WBGene00010505
K02D7.1b,WBGene00019298
K02F2.1a,WBGene00001056
K02F3.1,WBGene00006430
K02F3.2b,WBGene00019326
K03A1.5.1,WBGene00006351
K03A11.6,WBGene00045497
K03B4.4a,WBGene00019355
K03H1.2.1,WBGene00003389
K04C2.2.1,WBGene00019380
K04C2.6,WBGene00003181
K04C2.7.1,WBGene00044311
K04F10.4d.1,WBGene00000254
K04G11.4,WBGene00010572
K04G11.5c,WBGene00002151
K04G7.3a.1,WBGene00003858
K05B2.5b,WBGene00003986
K05C4.6b,WBGene00001979
K06A4.4,WBGene00010594
K06A5.4,WBGene00019432
K06B9.5a,WBGene00003938
K06C4.9,WBGene00019445
K07A1.10.1,WBGene00010616
K07A1.11,WBGene00004312
K07A1.13,WBGene00010617
K07A1.15,WBGene00010619
K07A1.16a,WBGene00000177
K07A12.1,WBGene00010620
K07A12.2,WBGene00010621
K07B1.3,WBGene00006729
K07C5.3,WBGene00010626
K07C6.9,WBGene00005957
K07H8.1,WBGene00019503
K07H8.2a.1,WBGene00019504
K07H8.3,WBGene00000923
K07H8.5,WBGene00019506
K07H8.6c,WBGene00006930
K08A2.5a.1,WBGene00003678
K08B4.3,WBGene00019515
K08D10.18,WBGene00235369
K08D10.7.1,WBGene00019530
K08D12.1,WBGene00003947
K08D9.4a,WBGene00019525
K08E3.1,WBGene00010661
K08E3.4,WBGene00010664
K08E5.3a,WBGene00003482
K08F4.1.1,WBGene00010676
K08F4.11,WBGene00001751
K08G2.9,WBGene00005503
K08H10.1k,WBGene00002263
K09E9.4,WBGene00044143
K09E9.7.1,WBGene00194664
K09F5.1,WBGene00019582
K09F5.2,WBGene00006925
K09H9.9,WBGene00219460
K10B2.1b.1,WBGene00003009
K10B2.2a.1,WBGene00019605
K10B3.6d,WBGene00019612
K10C2.2,WBGene00019618
K10C2.5,WBGene00001715
K10H10.10a,WBGene00010765
K10H10.6,WBGene00010762
K11D12.12,WBGene00019651
K11D2.1b,WBGene00010768
K11D9.1a,WBGene00002219
K11D9.2a,WBGene00004736
K11H12.1,WBGene00019658
K11H12.10,WBGene00044458
K11H12.8a.1,WBGene00019664
K11H3.3,WBGene00010780
K12B6.9,WBGene00023432
K12C11.4a,WBGene00003400
K12C11.5,WBGene00044896
K12C11.6,WBGene00045052
K12H4.2,WBGene00019677
K12H4.3,WBGene00019678
LLC1.1a,WBGene00006606
LLC1.2a,WBGene00010793
M01A10.2i,WBGene00006594
M01B12.4c,WBGene00019697
M01E11.3,WBGene00019712
M01E5.6,WBGene00010808
M01F1.1,WBGene00001639
M01F1.7,WBGene00010813
M01H9.1,WBGene00019717
M02F4.1,WBGene00019735
M03C11.3b,WBGene00010840
M03E7.4,WBGene00019756
M04D8.6,WBGene00010864
M04D8.7,WBGene00010865
M05D6.7,WBGene00001523
M110.2,WBGene00006658
M116.5,WBGene00019792
M117.1a,WBGene00010918
M163.11,WBGene00044147
M163.2,WBGene00010936
M18.5.1,WBGene00010890
M199.136,WBGene00255546
M28.1,WBGene00010893
M28.4,WBGene00010895
M60.6,WBGene00019781
M88.3,WBGene00010906
PAR2.4a.1,WBGene00003253
R01H2.4a,WBGene00019812
R03E9.4,WBGene00002149
R04E5.8a.1,WBGene00019871
R05D11.5,WBGene00011033
R05D11.6,WBGene00011034
R05D8.8,WBGene00000977
R05F9.1b.1,WBGene00019888
R05G6.6,WBGene00001624
R05H10.3a,WBGene00011044
R05H5.1,WBGene00005080
R06A4.2,WBGene00011047
R06B9.3.1,WBGene00011054
R06C1.3a,WBGene00006958
R06C1.6,WBGene00011060
R06C7.1.1,WBGene00011061
R06C7.2,WBGene00011062
R06C7.3.1,WBGene00000963
R06C7.5a.1,WBGene00011064
R06C7.9a.1,WBGene00011066
R07A4.4,WBGene00011075
R07E5.1,WBGene00011109
R07E5.10a.1,WBGene00011116
R07E5.15,WBGene00011120
R07H5.3a.1,WBGene00011123
R07H5.4,WBGene00011124
R08B4.2,WBGene00044330
R08C7.13,WBGene00019956
R09A8.5,WBGene00011154
R09B5.6,WBGene00019978
R09E12.1,WBGene00019981
R09F10.6,WBGene00005237
R102.3,WBGene00011290
R10D12.11,WBGene00011192
R10E11.1b,WBGene00000366
R10E4.2q,WBGene00006331
R119.2,WBGene00020088
R119.3,WBGene00020089
R119.6,WBGene00006385
R11A5.1a,WBGene00000163
R11A5.2,WBGene00011230
R11A5.3,WBGene00011231
R11A8.5,WBGene00011239
R11D1.6,WBGene00006225
R11E3.7a.1,WBGene00001060
R12B2.3,WBGene00020019
R12E2.2,WBGene00020031
R12G8.2,WBGene00006688
R12H7.1a,WBGene00006749
R13A5.5.1,WBGene00000437
R13A5.6,WBGene00020049
R144.6,WBGene00020096
R144.7b.1,WBGene00020097
R151.1a,WBGene00020106
R151.2d.1,WBGene00020107
R186.5,WBGene00004793
R53.3a,WBGene00001207
R57.1a,WBGene00020082
R74.5a.1,WBGene00011279
T01C3.10a,WBGene00003775
T01C3.4,WBGene00011321
T01C3.5,WBGene00011322
T01G1.3.1,WBGene00011338
T01G9.4.1,WBGene00003788
T01H3.3,WBGene00011349
T01H3.4,WBGene00011350
T02E1.2,WBGene00011375
T02G5.7,WBGene00020166
T02G6.5c,WBGene00011388
T03E6.5,WBGene00005475
T03E6.6,WBGene00005820
T03F1.12,WBGene00020193
T04A8.4b,WBGene00044078
T04A8.5,WBGene00011407
T04A8.6,WBGene00011408
T04C10.1,WBGene00003149
T04C12.2a,WBGene00005296
T04C12.33,WBGene00271444
T04C12.4.1,WBGene00000065
T04C12.5.1,WBGene00000064
T04G9.3,WBGene00002071
T04H1.9,WBGene00006539
T05B4.8,WBGene00020239
T05C12.6a,WBGene00003241
T05D4.4a,WBGene00003887
T05D4.5,WBGene00011478
T05E11.2b,WBGene00011479
T05E11.3a.1,WBGene00011480
T05E7.3.1,WBGene00020259
T05F1.11,WBGene00011495
T05G11.6,WBGene00005802
T05G5.1a,WBGene00011498
T05G5.4,WBGene00011499
T05G5.5d,WBGene00011500
T05H10.2.1,WBGene00000151
T05H10.5b,WBGene00006734
T05H4.10,WBGene00020273
T06A10.1a,WBGene00020284
T06C12.8b,WBGene00011515
T06D8.5,WBGene00011526
T06D8.6.1,WBGene00011527
T06E6.13,WBGene00011542
T06E6.15,WBGene00044759
T06G6.6a,WBGene00011548
T07A5.3,WBGene00011556
T07A9.10,WBGene00020298
T07A9.11.1,WBGene00004493
T07A9.7,WBGene00001666
T07A9.8,WBGene00020296
T08A9.12,WBGene00004987
T08A9.13,WBGene00044442
T08A9.2,WBGene00020335
T08B1.6,WBGene00020343
T08E11.8,WBGene00020364
T08G3.8,WBGene00005707
T09A5.8,WBGene00011636
T09B4.1.1,WBGene00020375
T09B4.8,WBGene00020382
T09F3.1,WBGene00011661
T09F3.2,WBGene00011662
T10B5.3a,WBGene00020389
T10C6.10a,WBGene00011691
T10C6.3,WBGene00005934
T10E9.8.1,WBGene00020418
T10E9.9b,WBGene00020419
T10H9.2,WBGene00004740
T11F1.9,WBGene00077759
T11F8.1,WBGene00020433
T11F8.12,WBGene00235273
T12A2.16b,WBGene00001989
T12D8.4,WBGene00011732
T12D8.5a,WBGene00011733
T12D8.6.1,WBGene00011734
T12G3.4.1,WBGene00011739
T13F2.7,WBGene00011747
T14F9.1.1,WBGene00020507
T14G10.2a.1,WBGene00004254
T15B7.16,WBGene00020528
T15H9.6,WBGene00011791
T18H9.1,WBGene00001695
T19B10.7.1,WBGene00002072
T19H12.12,WBGene00044282
T19H12.1a,WBGene00020587
T20F10.2a,WBGene00011864
T20F10.5,WBGene00011866
T20F7.6,WBGene00020633
T20F7.7,WBGene00020634
T20G5.12,WBGene00011873
T20G5.13,WBGene00011874
T20G5.5,WBGene00004255
T20H4.1a,WBGene00003890
T20H4.2,WBGene00020635
T20H9.6,WBGene00020642
T21B10.1,WBGene00011883
T21B10.5a,WBGene00011887
T21B10.6,WBGene00011888
T21C12.1e.1,WBGene00006784
T21C9.3b,WBGene00011891
T21D12.15,WBGene00206487
T21D9.1,WBGene00000737
T21G5.1,WBGene00020659
T21G5.5d,WBGene00006423
T21H3.2b,WBGene00004230
T22D1.2,WBGene00020681
T22D1.3a,WBGene00020682
T22D1.8,WBGene00020686
T22E5.3,WBGene00020691
T22F3.12,WBGene00044705
T22F3.2a,WBGene00020695
T23B12.6,WBGene00020721
T23B12.7,WBGene00001040
T23B3.5,WBGene00020713
T23D8.4.1,WBGene00001226
T23E7.2a,WBGene00020732
T23F2.2b,WBGene00020735
T23F6.5,WBGene00011952
T23G11.10,WBGene00011973
T23G11.2,WBGene00001647
T23G4.4,WBGene00011960
T23G4.5,WBGene00011961
T23G5.5,WBGene00000934
T23G7.4,WBGene00004752
T23G7.5a,WBGene00011967
T24B1.1,WBGene00011975
T24B8.4a,WBGene00011978
T24C2.4,WBGene00011983
T24D1.1c,WBGene00005023
T24G10.2,WBGene00020779
T24H10.5,WBGene00012003
T24H10.7a,WBGene00012005
T24H7.5b,WBGene00020784
T25B9.8,WBGene00012014
T25C12.1a,WBGene00003003
T25C12.4,WBGene00044284
T26A5.2a,WBGene00020819
T26A5.6,WBGene00020822
T26C12.4,WBGene00001548
T27A3.1a.1,WBGene00020838
T27E4.1,WBGene00020861
T27E7.8,WBGene00005285
T27E7.9,WBGene00012093
T27E9.6,WBGene00012096
T27F7.2a,WBGene00020867
T28B4.1c.1,WBGene00020884
T28D6.5f,WBGene00012125
T28D9.10a,WBGene00004916
T28F3.1a,WBGene00012128
W01A11.5.1,WBGene00020911
W01A11.6,WBGene00003385
W01A8.2a,WBGene00012164
W01B11.2.1,WBGene00020914
W01C9.4,WBGene00012177
W01G7.5,WBGene00002275
W02A11.2.1,WBGene00012193
W02A11.3,WBGene00012194
W02A11.8,WBGene00012196
W02A2.6a,WBGene00004333
W02A2.7,WBGene00003230
W02A2.8a,WBGene00012191
W02B12.12a,WBGene00012207
W02D7.7,WBGene00004766
W02D9.10,WBGene00012216
W02D9.3,WBGene00012209
W02F12.4d,WBGene00020949
W03C9.1,WBGene00012219
W03D2.1c,WBGene00004157
W03D8.8,WBGene00020989
W03F8.6a.1,WBGene00020995
W03F9.11,WBGene00044512
W03G1.7a,WBGene00000213
W04D2.2a,WBGene00012242
W04E12.6,WBGene00012251
W04H10.3a,WBGene00003599
W05E7.3,WBGene00001702
W05F2.2,WBGene00021034
W05F2.4a,WBGene00021036
W06A7.3f,WBGene00004336
W06E11.1,WBGene00021061
W06H3.1,WBGene00012315
W06H3.2a,WBGene00004248
W07B8.4a,WBGene00021072
W07B8.5,WBGene00000785
W07E11.2,WBGene00001446
W07E6.1a,WBGene00021073
W07G4.3.1,WBGene00012337
W08E12.3,WBGene00021084
W08E12.4,WBGene00021085
W08E12.5,WBGene00021086
W08E3.2,WBGene00012343
W08F4.13,WBGene00044733
W08F4.5,WBGene00021094
W08F4.6,WBGene00021095
W09C3.6,WBGene00021113
W09C5.5,WBGene00012352
W09C5.7a,WBGene00012353
W09G10.6,WBGene00021118
W09H1.1a,WBGene00012372
W09H1.3,WBGene00012373
W10C8.5.1,WBGene00021128
Y102A11A.9a,WBGene00022419
Y102A5C.9,WBGene00013616
Y105C5B.11b,WBGene00013651
Y105E8A.12a,WBGene00013672
Y105E8A.9,WBGene00000158
Y106G6H.14,WBGene00013724
Y106G6H.15.1,WBGene00013725
Y106G6H.16,WBGene00013726
Y110A2AL.12a,WBGene00022447
Y110A2AL.8c.1,WBGene00004210
Y110A7A.12,WBGene00004959
Y111B2A.17.1,WBGene00013738
Y111B2A.24,WBGene00013742
Y113G7B.16,WBGene00013765
Y113G7B.1b,WBGene00013754
Y116A8A.6,WBGene00013776
Y116A8A.7,WBGene00013777
Y116A8A.8,WBGene00013778
Y116A8C.4.1,WBGene00013785
Y119D3B.14,WBGene00022491
Y119D3B.18,WBGene00022494
Y12A6A.2,WBGene00012440
Y17G7B.3,WBGene00012459
Y17G7B.4,WBGene00012460
Y18D10A.1,WBGene00012474
Y18D10A.13.1,WBGene00003905
Y18D10A.17,WBGene00012484
Y20F4.4a,WBGene00021239
Y22D7AL.3,WBGene00021243
Y22D7AL.4,WBGene00021244
Y22D7AL.9,WBGene00021247
Y22F5A.2,WBGene00005530
Y24D9A.2,WBGene00021282
Y24D9A.5,WBGene00021283
Y32H12A.2b.1,WBGene00021311
Y34D9A.3a,WBGene00021329
Y37A1B.1a,WBGene00003085
Y37D8A.1,WBGene00000203
Y37D8A.13,WBGene00006804
Y37D8A.15.1,WBGene00001457
Y37D8A.16,WBGene00012554
Y37D8A.5,WBGene00012547
Y37E11AL.6b,WBGene00021362
Y37E11C.1a.1,WBGene00006769
Y37E3.11i,WBGene00021352
Y37E3.13a,WBGene00021353
Y37E3.15a,WBGene00003799
Y37E3.16.1,WBGene00021354
Y37E3.30,WBGene00235158
Y37E3.4.1,WBGene00021348
Y37E3.5a,WBGene00021349
Y38A10A.3,WBGene00005236
Y38A10A.4,WBGene00021390
Y38A10A.6,WBGene00021391
Y38C1BA.2b,WBGene00004913
Y38C9B.2,WBGene00021413
Y38E10A.20,WBGene00012598
Y38E10A.21a,WBGene00004347
Y38E10A.6b,WBGene00012584
Y38F1A.4,WBGene00012607
Y38F2AR.1a,WBGene00021419
Y38F2AR.7.1,WBGene00021425
Y38H6C.17,WBGene00012629
Y39A1A.12.1,WBGene00012650
Y39A1C.2,WBGene00003898
Y39A3CL.2,WBGene00006513
Y39B6A.18,WBGene00012679
Y39B6A.19a,WBGene00006696
Y39E4A.1,WBGene00012711
Y39G10AR.11.1,WBGene00021469
Y39G10AR.13a.1,WBGene00002047
Y39G10AR.18a,WBGene00021474
Y39G10AR.6,WBGene00021464
Y39G10AR.7b,WBGene00021465
Y39H10B.2a,WBGene00044527
Y40H7A.6,WBGene00005056
Y41C4A.12b,WBGene00012758
Y41C4A.13,WBGene00012759
Y41D4B.4a,WBGene00021512
Y41D4B.8,WBGene00003682
Y41E3.3a,WBGene00012763
Y43B11AL.1,WBGene00021542
Y43B11AR.2,WBGene00005207
Y43C5A.5a,WBGene00006568
Y45F10C.1,WBGene00012877
Y45F10D.10a,WBGene00012889
Y45F10D.3a,WBGene00001635
Y45F10D.7.1,WBGene00012887
Y47D3B.9,WBGene00012943
Y47D7A.3,WBGene00021617
Y47D7A.5,WBGene00001714
Y47G6A.1.1,WBGene00002143
Y47G6A.10,WBGene00004978
Y47G6A.12.1,WBGene00004775
Y47G6A.17,WBGene00021643
Y47G6A.19a,WBGene00021645
Y47G6A.6,WBGene00021636
Y48A6B.1,WBGene00012962
Y48A6B.11b,WBGene00012972
Y48A6B.13f,WBGene00012973
Y48A6B.8,WBGene00012969
Y48B6A.1,WBGene00012978
Y48E1B.7,WBGene00013006
Y48E1C.2.1,WBGene00013015
Y48G10A.1.1,WBGene00013018
Y48G1C.10a.1,WBGene00021683
Y48G9A.11,WBGene00021704
Y48G9A.12,WBGene00021705
Y49A10A.1,WBGene00013028
Y49A3A.1,WBGene00013024
Y49A3A.3,WBGene00013026
Y49E10.11c.1,WBGene00013034
Y49E10.17a,WBGene00013036
Y49E10.3a,WBGene00004086
Y49F6C.6,WBGene00021728
Y50D7A.1,WBGene00021751
Y50D7A.6.1,WBGene00002230
Y51A2B.6,WBGene00013070
Y51A2D.12,WBGene00005191
Y51H4A.25e,WBGene00013119
Y53F4B.28,WBGene00004234
Y54E10A.12,WBGene00021832
Y54E10A.2,WBGene00003258
Y54E10A.6,WBGene00021828
Y54E10A.7.1,WBGene00021829
Y54E10BL.3,WBGene00021838
Y54E10BL.4,WBGene00001046
Y54E10BR.1a,WBGene00021840
Y54E2A.1,WBGene00013187
Y54E2A.10,WBGene00013195
Y54E5A.2,WBGene00013198
Y54F10AM.4a,WBGene00000464
Y54F10AM.8,WBGene00021852
Y54F10BM.11,WBGene00021865
Y54G11A.10a,WBGene00002996
Y54G11A.15,WBGene00005265
Y54G2A.17b.1,WBGene00021882
Y54G2A.2a,WBGene00021868
Y55B1AL.3a,WBGene00021905
Y55F3AM.11,WBGene00021928
Y55F3AM.14.1,WBGene00021931
Y55F3AR.1.1,WBGene00021932
Y55F3AR.2,WBGene00021933
Y55F3BR.4a,WBGene00021941
Y56A3A.17a,WBGene00003802
Y56A3A.28,WBGene00013240
Y57A10A.15,WBGene00013258
Y57A10A.29.1,WBGene00013269
Y57E12AL.2,WBGene00021957
Y57G11B.1,WBGene00013294
Y57G11C.1,WBGene00001818
Y57G11C.12b.1,WBGene00013308
Y57G11C.13,WBGene00000192
Y57G11C.14,WBGene00013310
Y57G11C.15a,WBGene00013311
Y57G11C.6,WBGene00013304
Y57G11C.9b,WBGene00013307
Y57G7A.7,WBGene00021970
Y59H11AR.4,WBGene00022012
Y60A3A.12,WBGene00000499
Y61B8A.4,WBGene00044654
Y61B8B.1,WBGene00005582
Y62H9A.14,WBGene00013402
Y62H9A.15b,WBGene00045252
Y62H9A.2,WBGene00013390
Y62H9A.3,WBGene00013391
Y65B4A.2c,WBGene00022026
Y65B4A.9a,WBGene00022032
Y65B4BL.3a,WBGene00022035
Y66D12A.15.1,WBGene00013441
Y66H1A.6c,WBGene00002041
Y67D2.6,WBGene00022056
Y67D8B.5,WBGene00022064
Y67D8C.5h,WBGene00022069
Y67H2A.1,WBGene00013460
Y67H2A.4d,WBGene00013462
Y69A2AR.16a,WBGene00022087
Y70G10A.3.1,WBGene00013499
Y71A12B.17b,WBGene00045058
Y71F9AL.10,WBGene00022115
Y71F9AL.11,WBGene00022116
Y71F9AL.13a.1,WBGene00004412
Y71F9AL.14.1,WBGene00022118
Y71F9AL.16,WBGene00000199
Y71F9AL.7,WBGene00022112
Y71F9AM.4a,WBGene00022121
Y71F9B.16a,WBGene00001048
Y71G12B.12a,WBGene00022152
Y71G12B.18a,WBGene00022156
Y71H2AM.17,WBGene00022182
Y71H2AM.19b,WBGene00002244
Y71H2AM.3,WBGene00022168
Y71H2AM.7,WBGene00022172
Y73B6BL.21a,WBGene00022242
Y73B6BL.22,WBGene00022243
Y73B6BL.30a,WBGene00022251
Y73B6BL.31a,WBGene00022252
Y73B6BL.36,WBGene00022255
Y73B6BL.5d.1,WBGene00004783
Y73B6BL.7a,WBGene00000820
Y73F8A.9,WBGene00004171
Y74C10AR.3a,WBGene00022281
Y75B12B.10,WBGene00013572
Y75B8A.13,WBGene00013549
Y75B8A.6a,WBGene00013543
Y77E11A.10,WBGene00000546
Y77E11A.12b,WBGene00022313
Y77E11A.13a,WBGene00003806
Y7A9C.8,WBGene00023518
Y80D3A.2a,WBGene00001258
Y82E9BR.13,WBGene00022346
Y82E9BR.23b,WBGene00044761
Y87G2A.1,WBGene00013593
Y87G2A.3b,WBGene00013595
Y8G1A.2,WBGene00002135
Y92H12A.2a,WBGene00022358
Y92H12BL.4,WBGene00022365
Y92H12BL.5,WBGene00022366
Y92H12BM.1.1,WBGene00022367
Y92H12BR.7,WBGene00022372
Y94H6A.1,WBGene00022374
Y94H6A.5a,WBGene00022378
Y97E10AR.5,WBGene00022400
ZC15.7,WBGene00013835
ZC168.2,WBGene00013856
ZC168.3a,WBGene00013857
ZC373.1a,WBGene00013866
ZC376.6b,WBGene00013877
ZC376.7a.1,WBGene00013878
ZC404.3a.1,WBGene00004975
ZC404.5,WBGene00005251
ZC416.8b,WBGene00000481
ZC434.4,WBGene00013892
ZC434.6b,WBGene00000148
ZC434.7a.1,WBGene00013893
ZK1005.1a,WBGene00004053
ZK1053.6,WBGene00014201
ZK1098.4,WBGene00014221
ZK112.1.1,WBGene00003956
ZK1127.7,WBGene00022854
ZK1248.13,WBGene00022882
ZK1307.6,WBGene00001510
ZK131.5,WBGene00001885
ZK1320.12b,WBGene00006390
ZK20.1,WBGene00013923
ZK287.4a,WBGene00013965
ZK328.4,WBGene00022694
ZK328.5b,WBGene00003796
ZK381.2.1,WBGene00022725
ZK418.2a,WBGene00022732
ZK470.5a,WBGene00006410
ZK507.6,WBGene00000863
ZK546.15,WBGene00006619
ZK546.17,WBGene00022766
ZK596.2,WBGene00014007
ZK596.3,WBGene00014008
ZK632.12.1,WBGene00014019
ZK632.14,WBGene00014020
ZK632.5,WBGene00014014
ZK632.7,WBGene00014015
ZK637.11,WBGene00000388
ZK637.7b.1,WBGene00002998
ZK643.8a,WBGene00001734
ZK652.1,WBGene00004918
ZK652.10,WBGene00022787
ZK673.10,WBGene00014064
ZK673.9,WBGene00014063
ZK675.1.1,WBGene00004208
ZK686.2,WBGene00022792
ZK688.2,WBGene00022797
ZK742.3,WBGene00022813
ZK809.1,WBGene00014085
ZK809.9c,WBGene00194934
ZK813.5,WBGene00022824
ZK829.2,WBGene00001839
ZK829.3,WBGene00014094
ZK856.1,WBGene00000840
ZK856.8,WBGene00014109
ZK856.9,WBGene00006489
ZK858.1,WBGene00014115
ZK970.1b,WBGene00014171