"KR5of5.orf","KR5of5.position","KR5of5.name"
"2L52.1a",321,"2L52.1a_321"
"B0025.5",29,"B0025.5_29"
"B0035.1b",3,"B0035.1b_3"
"B0205.10.1",278,"B0205.10.1_278"
"B0207.5b",2928,"B0207.5b_2928"
"B0207.5b",3347,"B0207.5b_3347"
"B0212.3",373,"B0212.3_373"
"B0261.5",109,"B0261.5_109"
"B0280.11",19,"B0280.11_19"
"B0280.13",148,"B0280.13_148"
"B0285.1b",157,"B0285.1b_157"
"B0304.5",311,"B0304.5_311"
"B0393.5",1132,"B0393.5_1132"
"B0416.1a",115,"B0416.1a_115"
"B0462.5",42,"B0462.5_42"
"B0464.8",263,"B0464.8_263"
"B0495.1",138,"B0495.1_138"
"B0511.2",143,"B0511.2_143"
"B0511.7",168,"B0511.7_168"
"C01B12.8",17,"C01B12.8_17"
"C01B7.4.1",429,"C01B7.4.1_429"
"C01F6.8b",88,"C01F6.8b_88"
"C01G12.1",366,"C01G12.1_366"
"C01G5.3",67,"C01G5.3_67"
"C01H6.7a.1",91,"C01H6.7a.1_91"
"C02H7.1",122,"C02H7.1_122"
"C03F11.4.1",123,"C03F11.4.1_123"
"C04F5.9",326,"C04F5.9_326"
"C05D11.4",198,"C05D11.4_198"
"C05D11.4",280,"C05D11.4_280"
"C05D11.9",653,"C05D11.9_653"
"C06A5.3b.1",432,"C06A5.3b.1_432"
"C06A8.2",323,"C06A8.2_323"
"C06B3.13",193,"C06B3.13_193"
"C06B3.14",198,"C06B3.14_198"
"C06B3.7",293,"C06B3.7_293"
"C06C6.9",102,"C06C6.9_102"
"C07A9.3b",274,"C07A9.3b_274"
"C07A9.9",131,"C07A9.9_131"
"C07E3.2",650,"C07E3.2_650"
"C07G2.2c.1",409,"C07G2.2c.1_409"
"C07H6.4",7,"C07H6.4_7"
"C07H6.8.1",374,"C07H6.8.1_374"
"C08A9.6",331,"C08A9.6_331"
"C08A9.7",322,"C08A9.7_322"
"C08A9.8",387,"C08A9.8_387"
"C08F11.10",37,"C08F11.10_37"
"C08F11.3",339,"C08F11.3_339"
"C08F11.7",209,"C08F11.7_209"
"C08H9.14",131,"C08H9.14_131"
"C09D1.1b",1371,"C09D1.1b_1371"
"C09G9.4",569,"C09G9.4_569"
"C09G9.4",606,"C09G9.4_606"
"C10C6.5.1",143,"C10C6.5.1_143"
"C10G11.6b",98,"C10G11.6b_98"
"C11G6.1a",1001,"C11G6.1a_1001"
"C12D12.5b",193,"C12D12.5b_193"
"C12D8.11.1",291,"C12D8.11.1_291"
"C13F10.7.1",161,"C13F10.7.1_161"
"C13F10.7.1",180,"C13F10.7.1_180"
"C13F10.7.1",192,"C13F10.7.1_192"
"C15B12.4.1",529,"C15B12.4.1_529"
"C15H7.3",9,"C15H7.3_9"
"C16C8.5",156,"C16C8.5_156"
"C16E9.4a",416,"C16E9.4a_416"
"C17E4.6",244,"C17E4.6_244"
"C17E7.13",198,"C17E7.13_198"
"C17G10.6a",417,"C17G10.6a_417"
"C18B2.6",557,"C18B2.6_557"
"C18E9.2a",155,"C18E9.2a_155"
"C18H9.3",991,"C18H9.3_991"
"C24B5.1",321,"C24B5.1_321"
"C24B9.15",301,"C24B9.15_301"
"C24B9.7",299,"C24B9.7_299"
"C24G6.4",92,"C24G6.4_92"
"C24H11.7a",629,"C24H11.7a_629"
"C24H12.4a",8,"C24H12.4a_8"
"C25A1.10a.1",57,"C25A1.10a.1_57"
"C25B8.7",240,"C25B8.7_240"
"C25D7.3",1510,"C25D7.3_1510"
"C25F9.2",583,"C25F9.2_583"
"C25H3.6a",328,"C25H3.6a_328"
"C26B9.6",39,"C26B9.6_39"
"C26E1.3.1",327,"C26E1.3.1_327"
"C26E6.9c",938,"C26E6.9c_938"
"C27D6.4c",300,"C27D6.4c_300"
"C27F2.8",1377,"C27F2.8_1377"
"C28A5.6",29,"C28A5.6_29"
"C28H8.9a",162,"C28H8.9a_162"
"C29E4.17",56,"C29E4.17_56"
"C29F5.4",95,"C29F5.4_95"
"C30A5.7b",253,"C30A5.7b_253"
"C31C9.6",148,"C31C9.6_148"
"C31G12.4b",308,"C31G12.4b_308"
"C32E12.1.1",119,"C32E12.1.1_119"
"C32E12.4.1",1009,"C32E12.4.1_1009"
"C32E12.4.1",1406,"C32E12.4.1_1406"
"C33D3.4",35,"C33D3.4_35"
"C33D9.1c",440,"C33D9.1c_440"
"C33G8.2",119,"C33G8.2_119"
"C33G8.2",183,"C33G8.2_183"
"C33G8.2",221,"C33G8.2_221"
"C33G8.2",241,"C33G8.2_241"
"C33G8.2",279,"C33G8.2_279"
"C33G8.2",298,"C33G8.2_298"
"C33G8.2",354,"C33G8.2_354"
"C33H5.19",212,"C33H5.19_212"
"C34C12.2",9,"C34C12.2_9"
"C34C12.9",133,"C34C12.9_133"
"C34D4.1",374,"C34D4.1_374"
"C34F11.5",521,"C34F11.5_521"
"C34F11.5",706,"C34F11.5_706"
"C34F11.5",774,"C34F11.5_774"
"C34F11.8",96,"C34F11.8_96"
"C34F11.9e",80,"C34F11.9e_80"
"C35C5.1.1",1123,"C35C5.1.1_1123"
"C35D10.7a",117,"C35D10.7a_117"
"C36B1.9",549,"C36B1.9_549"
"C36C9.5",50,"C36C9.5_50"
"C37A2.2",657,"C37A2.2_657"
"C37C3.1a",417,"C37C3.1a_417"
"C37H5.5.1",123,"C37H5.5.1_123"
"C38D4.1a",438,"C38D4.1a_438"
"C38D4.4",96,"C38D4.4_96"
"C39F7.1a",18,"C39F7.1a_18"
"C41G6.7",252,"C41G6.7_252"
"C41H7.4",317,"C41H7.4_317"
"C41H7.6",310,"C41H7.6_310"
"C43E11.1",463,"C43E11.1_463"
"C44H4.4",976,"C44H4.4_976"
"C44H9.4",1071,"C44H9.4_1071"
"C45B11.2",268,"C45B11.2_268"
"C46F11.1a",224,"C46F11.1a_224"
"C46F11.5b",468,"C46F11.5b_468"
"C47E12.10a",72,"C47E12.10a_72"
"C47E12.7",262,"C47E12.7_262"
"C47G2.2",218,"C47G2.2_218"
"C49C3.21",40,"C49C3.21_40"
"C50H2.1b",350,"C50H2.1b_350"
"C52A11.2",234,"C52A11.2_234"
"C52B9.8",1154,"C52B9.8_1154"
"C53A5.4",305,"C53A5.4_305"
"C53A5.8",298,"C53A5.8_298"
"C53D6.2.1",227,"C53D6.2.1_227"
"C54D1.3b",966,"C54D1.3b_966"
"C54G10.2a",84,"C54G10.2a_84"
"C56C10.8.1",29,"C56C10.8.1_29"
"C56G2.1a",135,"C56G2.1a_135"
"D1005.5a",78,"D1005.5a_78"
"D1009.2a",419,"D1009.2a_419"
"D1037.1",244,"D1037.1_244"
"D2030.3.1",477,"D2030.3.1_477"
"D2030.8.1",498,"D2030.8.1_498"
"D2085.3",144,"D2085.3_144"
"D2092.1b",65,"D2092.1b_65"
"DY3.4a.1",43,"DY3.4a.1_43"
"E01A2.4.1",291,"E01A2.4.1_291"
"E01G6.2",13,"E01G6.2_13"
"E03H12.7",115,"E03H12.7_115"
"E04F6.6",431,"E04F6.6_431"
"EEED8.16",586,"EEED8.16_586"
"EEED8.5",166,"EEED8.5_166"
"F01D4.5a",19,"F01D4.5a_19"
"F01D4.5a",25,"F01D4.5a_25"
"F01E11.17",77,"F01E11.17_77"
"F01F1.13a",79,"F01F1.13a_79"
"F01F1.7",559,"F01F1.7_559"
"F01G4.1",388,"F01G4.1_388"
"F01G4.1",1112,"F01G4.1_1112"
"F02E9.5a.1",114,"F02E9.5a.1_114"
"F07H5.8",831,"F07H5.8_831"
"F08D12.1",539,"F08D12.1_539"
"F08D12.1",571,"F08D12.1_571"
"F08F1.1b",198,"F08F1.1b_198"
"F08H9.1",127,"F08H9.1_127"
"F09F3.11",212,"F09F3.11_212"
"F09F3.7",209,"F09F3.7_209"
"F10B5.4",221,"F10B5.4_221"
"F10C1.1",55,"F10C1.1_55"
"F10D11.3",58,"F10D11.3_58"
"F10D11.6a",567,"F10D11.6a_567"
"F10F2.1",1617,"F10F2.1_1617"
"F10G2.4",104,"F10G2.4_104"
"F11A10.3a.1",193,"F11A10.3a.1_193"
"F13B12.1",397,"F13B12.1_397"
"F13B12.3a",681,"F13B12.3a_681"
"F13H6.1b.1",18,"F13H6.1b.1_18"
"F13H8.2",915,"F13H8.2_915"
"F14B4.3",1065,"F14B4.3_1065"
"F14D12.6b",312,"F14D12.6b_312"
"F14F11.1h",528,"F14F11.1h_528"
"F14F8.5",178,"F14F8.5_178"
"F14H3.4",207,"F14H3.4_207"
"F15A2.6a",369,"F15A2.6a_369"
"F15H10.10",69,"F15H10.10_69"
"F15H10.9",80,"F15H10.9_80"
"F16B4.10",31,"F16B4.10_31"
"F16F9.5",226,"F16F9.5_226"
"F17A2.5",188,"F17A2.5_188"
"F19B10.7",228,"F19B10.7_228"
"F19B10.8",254,"F19B10.8_254"
"F19C6.2a",364,"F19C6.2a_364"
"F19D8.2",157,"F19D8.2_157"
"F20A1.7b",1524,"F20A1.7b_1524"
"F20B6.3",487,"F20B6.3_487"
"F20B6.7",72,"F20B6.7_72"
"F20D12.7",126,"F20D12.7_126"
"F20G4.2",39,"F20G4.2_39"
"F20H11.1",464,"F20H11.1_464"
"F20H11.2",1258,"F20H11.2_1258"
"F20H11.2",1283,"F20H11.2_1283"
"F21A3.11",483,"F21A3.11_483"
"F21C3.6",10,"F21C3.6_10"
"F21C3.6",43,"F21C3.6_43"
"F21D12.2",43,"F21D12.2_43"
"F21H7.2.1",122,"F21H7.2.1_122"
"F22E10.2",975,"F22E10.2_975"
"F23F1.10",91,"F23F1.10_91"
"F23H12.5",486,"F23H12.5_486"
"F25B3.6",63,"F25B3.6_63"
"F25F2.1b",10,"F25F2.1b_10"
"F25F2.1b",44,"F25F2.1b_44"
"F26A1.19",81,"F26A1.19_81"
"F26B1.1",46,"F26B1.1_46"
"F26B1.1",53,"F26B1.1_53"
"F26E4.3.1",434,"F26E4.3.1_434"
"F26F12.7",184,"F26F12.7_184"
"F26H9.1a",52,"F26H9.1a_52"
"F26H9.7",350,"F26H9.7_350"
"F27C1.8",279,"F27C1.8_279"
"F28A12.2",68,"F28A12.2_68"
"F28B12.3.1",90,"F28B12.3.1_90"
"F28D1.8",101,"F28D1.8_101"
"F28D1.8",441,"F28D1.8_441"
"F28D9.1.1",561,"F28D9.1.1_561"
"F28E10.4",262,"F28E10.4_262"
"F28F5.3c",100,"F28F5.3c_100"
"F29C12.4.1",746,"F29C12.4.1_746"
"F31E3.1",189,"F31E3.1_189"
"F31E9.4",327,"F31E9.4_327"
"F32A11.2.1",282,"F32A11.2.1_282"
"F32A6.2",412,"F32A6.2_412"
"F32A7.6",65,"F32A7.6_65"
"F32D1.9b.1",448,"F32D1.9b.1_448"
"F32H5.6a",212,"F32H5.6a_212"
"F33A8.1",893,"F33A8.1_893"
"F33D4.5",354,"F33D4.5_354"
"F33D4.6c",425,"F33D4.6c_425"
"F33G12.6a",686,"F33G12.6a_686"
"F35C5.12",112,"F35C5.12_112"
"F35D2.2",361,"F35D2.2_361"
"F35G12.3a.1",1012,"F35G12.3a.1_1012"
"F36A2.14",85,"F36A2.14_85"
"F36A2.4.1",183,"F36A2.4.1_183"
"F36F2.2",219,"F36F2.2_219"
"F36F2.3a",792,"F36F2.3a_792"
"F38H4.4",53,"F38H4.4_53"
"F39B2.11",142,"F39B2.11_142"
"F39C12.3b",330,"F39C12.3b_330"
"F40B5.3a",256,"F40B5.3a_256"
"F40G12.10",19,"F40G12.10_19"
"F41D9.1",772,"F41D9.1_772"
"F41E7.3",247,"F41E7.3_247"
"F41G3.12",143,"F41G3.12_143"
"F42A10.1.1",150,"F42A10.1.1_150"
"F42C5.2",348,"F42C5.2_348"
"F42E11.1a",30,"F42E11.1a_30"
"F42G4.2",15,"F42G4.2_15"
"F42G4.6",120,"F42G4.6_120"
"F42G8.5",34,"F42G8.5_34"
"F43G9.4",135,"F43G9.4_135"
"F44F4.10",121,"F44F4.10_121"
"F44G3.7",550,"F44G3.7_550"
"F44G4.1",51,"F44G4.1_51"
"F45C12.10b",21,"F45C12.10b_21"
"F45D3.2b",148,"F45D3.2b_148"
"F45F2.11b",284,"F45F2.11b_284"
"F45F2.7",377,"F45F2.7_377"
"F46A8.6",80,"F46A8.6_80"
"F46A8.6",94,"F46A8.6_94"
"F46C8.3",80,"F46C8.3_80"
"F46F2.5",103,"F46F2.5_103"
"F46F3.1a",98,"F46F3.1a_98"
"F46H6.5",96,"F46H6.5_96"
"F47A4.2",381,"F47A4.2_381"
"F47A4.2",1605,"F47A4.2_1605"
"F47C12.2",2989,"F47C12.2_2989"
"F47D12.4a.1",123,"F47D12.4a.1_123"
"F48B9.5",224,"F48B9.5_224"
"F48E8.2",80,"F48E8.2_80"
"F49A5.8",299,"F49A5.8_299"
"F49B2.6",145,"F49B2.6_145"
"F49F1.12",78,"F49F1.12_78"
"F49F1.12",92,"F49F1.12_92"
"F52C12.3",8,"F52C12.3_8"
"F52C9.7.1",152,"F52C9.7.1_152"
"F52C9.7.1",161,"F52C9.7.1_161"
"F52C9.8b",845,"F52C9.8b_845"
"F52D2.12",15,"F52D2.12_15"
"F52E1.13a",533,"F52E1.13a_533"
"F52E1.3",17,"F52E1.3_17"
"F53A2.1",19,"F53A2.1_19"
"F53C11.4b.1",499,"F53C11.4b.1_499"
"F53C3.7",277,"F53C3.7_277"
"F53E10.6",56,"F53E10.6_56"
"F53F4.1",90,"F53F4.1_90"
"F53F4.12.1",234,"F53F4.12.1_234"
"F53G2.7.1",217,"F53G2.7.1_217"
"F54C1.8",190,"F54C1.8_190"
"F54C4.1",49,"F54C4.1_49"
"F54C9.2",427,"F54C9.2_427"
"F54D10.4.1",53,"F54D10.4.1_53"
"F54D7.6",14,"F54D7.6_14"
"F54D7.7",14,"F54D7.7_14"
"F54D8.6",633,"F54D8.6_633"
"F54F12.1",765,"F54F12.1_765"
"F54F2.1",1020,"F54F2.1_1020"
"F54F2.6",42,"F54F2.6_42"
"F54F7.5",492,"F54F7.5_492"
"F54G2.2",939,"F54G2.2_939"
"F55A12.8",1032,"F55A12.8_1032"
"F55B12.1",150,"F55B12.1_150"
"F55B12.7",245,"F55B12.7_245"
"F55B12.9",212,"F55B12.9_212"
"F55C5.4",573,"F55C5.4_573"
"F55C9.4",254,"F55C9.4_254"
"F55F10.1b",4007,"F55F10.1b_4007"
"F56A11.4a",303,"F56A11.4a_303"
"F56A3.2",158,"F56A3.2_158"
"F56B3.9",94,"F56B3.9_94"
"F56D1.1",67,"F56D1.1_67"
"F56E10.1b",1002,"F56E10.1b_1002"
"F56E10.1b",1384,"F56E10.1b_1384"
"F56F10.4",671,"F56F10.4_671"
"F56F3.6.1",65,"F56F3.6.1_65"
"F57B10.8.1",6,"F57B10.8.1_6"
"F57C9.7",120,"F57C9.7_120"
"F57F5.5c",37,"F57F5.5c_37"
"F58A4.2",16,"F58A4.2_16"
"F58D5.4a",5,"F58D5.4a_5"
"F58E10.5",225,"F58E10.5_225"
"F58G6.4b",341,"F58G6.4b_341"
"F58H1.5",90,"F58H1.5_90"
"F59B1.6",47,"F59B1.6_47"
"F59E12.9",166,"F59E12.9_166"
"H04J21.1",896,"H04J21.1_896"
"H06O01.1.1",481,"H06O01.1.1_481"
"H10D18.3",261,"H10D18.3_261"
"H12I13.1",639,"H12I13.1_639"
"H27M09.5",107,"H27M09.5_107"
"H32C10.2a",171,"H32C10.2a_171"
"H37A05.4a",226,"H37A05.4a_226"
"K01C8.5.1",252,"K01C8.5.1_252"
"K01D12.10",45,"K01D12.10_45"
"K01D12.4b",376,"K01D12.4b_376"
"K01G5.3",295,"K01G5.3_295"
"K02A11.1b.1",325,"K02A11.1b.1_325"
"K02F6.1",679,"K02F6.1_679"
"K03B4.6",81,"K03B4.6_81"
"K03B8.9.1",406,"K03B8.9.1_406"
"K03D10.1",165,"K03D10.1_165"
"K03H1.5",289,"K03H1.5_289"
"K04G2.1.1",47,"K04G2.1.1_47"
"K04G2.4",175,"K04G2.4_175"
"K04G7.1.1",407,"K04G7.1.1_407"
"K05C4.11",399,"K05C4.11_399"
"K06A5.4",587,"K06A5.4_587"
"K07B1.7a",197,"K07B1.7a_197"
"K07C5.4",443,"K07C5.4_443"
"K07C5.4",476,"K07C5.4_476"
"K07C5.6.1",550,"K07C5.6.1_550"
"K07E3.1",768,"K07E3.1_768"
"K07F5.14",406,"K07F5.14_406"
"K07G5.4",303,"K07G5.4_303"
"K07H8.12",12,"K07H8.12_12"
"K08A8.3a",501,"K08A8.3a_501"
"K08E4.4",81,"K08E4.4_81"
"K08F4.1.1",55,"K08F4.1.1_55"
"K08F4.1.1",800,"K08F4.1.1_800"
"K08F8.6",621,"K08F8.6_621"
"K08H2.8",172,"K08H2.8_172"
"K09C8.4",313,"K09C8.4_313"
"K09E2.2",251,"K09E2.2_251"
"K09F6.13",61,"K09F6.13_61"
"K10B3.10b",792,"K10B3.10b_792"
"K10G6.1",104,"K10G6.1_104"
"K10H10.5",85,"K10H10.5_85"
"K10H10.7",91,"K10H10.7_91"
"M01B12.5a.1",106,"M01B12.5a.1_106"
"M01B2.11",262,"M01B2.11_262"
"M01E11.3",235,"M01E11.3_235"
"M01G12.12",1385,"M01G12.12_1385"
"M02D8.3",444,"M02D8.3_444"
"M03F8.3b",69,"M03F8.3b_69"
"M163.5",196,"M163.5_196"
"M28.1",465,"M28.1_465"
"M57.1",375,"M57.1_375"
"R02D3.1b",340,"R02D3.1b_340"
"R02F2.7.1",7,"R02F2.7.1_7"
"R03D7.2",46,"R03D7.2_46"
"R04E5.9",71,"R04E5.9_71"
"R05C11.1",206,"R05C11.1_206"
"R05G9.5",116,"R05G9.5_116"
"R06C1.3a",188,"R06C1.3a_188"
"R06C7.8",174,"R06C7.8_174"
"R06C7.9a.1",260,"R06C7.9a.1_260"
"R07A4.1",460,"R07A4.1_460"
"R07B5.9h",211,"R07B5.9h_211"
"R07E4.1a",969,"R07E4.1a_969"
"R07E5.1",762,"R07E5.1_762"
"R07E5.8a.1",586,"R07E5.8a.1_586"
"R08F11.5",258,"R08F11.5_258"
"R09F10.8",299,"R09F10.8_299"
"R11A8.7f",715,"R11A8.7f_715"
"R11G1.7",23,"R11G1.7_23"
"R11G11.5",77,"R11G11.5_77"
"R13F6.4e",351,"R13F6.4e_351"
"R13H4.5",80,"R13H4.5_80"
"R151.1a",364,"R151.1a_364"
"T01B10.4a.1",101,"T01B10.4a.1_101"
"T01D3.1b",2115,"T01D3.1b_2115"
"T01E8.5",178,"T01E8.5_178"
"T01G6.5",36,"T01G6.5_36"
"T02B11.7",199,"T02B11.7_199"
"T02E9.3",658,"T02E9.3_658"
"T02H6.1a",482,"T02H6.1a_482"
"T03D8.1d",107,"T03D8.1d_107"
"T03D8.1d",316,"T03D8.1d_316"
"T03F6.2",401,"T03F6.2_401"
"T04A8.14",36,"T04A8.14_36"
"T04A8.15",159,"T04A8.15_159"
"T05A1.3a",725,"T05A1.3a_725"
"T05A12.3.1",529,"T05A12.3.1_529"
"T05A8.3",70,"T05A8.3_70"
"T05C12.6a",114,"T05C12.6a_114"
"T05C12.6a",190,"T05C12.6a_190"
"T05D4.4a",356,"T05D4.4a_356"
"T05D4.4a",367,"T05D4.4a_367"
"T05E8.3",71,"T05E8.3_71"
"T05H4.10",467,"T05H4.10_467"
"T06A10.1a",748,"T06A10.1a_748"
"T06E4.3a",1459,"T06E4.3a_1459"
"T06E6.1",426,"T06E6.1_426"
"T07A9.1a",91,"T07A9.1a_91"
"T07A9.8",44,"T07A9.8_44"
"T07D4.3",591,"T07D4.3_591"
"T07E3.5",384,"T07E3.5_384"
"T07H3.3",188,"T07H3.3_188"
"T07H8.1",280,"T07H8.1_280"
"T08B2.11",14,"T08B2.11_14"
"T08G11.1a",2393,"T08G11.1a_2393"
"T08G5.1",114,"T08G5.1_114"
"T08H10.3a",115,"T08H10.3a_115"
"T09A5.3",492,"T09A5.3_492"
"T09F5.11",103,"T09F5.11_103"
"T10B11.8a",273,"T10B11.8a_273"
"T12A2.8.1",389,"T12A2.8.1_389"
"T13F2.7",582,"T13F2.7_582"
"T13H2.4a",32,"T13H2.4a_32"
"T13H2.5a",405,"T13H2.5a_405"
"T13H5.1c",200,"T13H5.1c_200"
"T13H5.6",228,"T13H5.6_228"
"T14A8.1",155,"T14A8.1_155"
"T14G8.1",187,"T14G8.1_187"
"T14G8.1",589,"T14G8.1_589"
"T14G8.1",1287,"T14G8.1_1287"
"T19B10.7.1",27,"T19B10.7.1_27"
"T19D12.6",297,"T19D12.6_297"
"T19E7.2a",19,"T19E7.2a_19"
"T19F4.1b",393,"T19F4.1b_393"
"T19H5.3",163,"T19H5.3_163"
"T20B12.6a",209,"T20B12.6a_209"
"T20B6.1",269,"T20B6.1_269"
"T20B6.1",290,"T20B6.1_290"
"T21C12.4b",50,"T21C12.4b_50"
"T21D12.3.1",183,"T21D12.3.1_183"
"T21H3.4a",323,"T21H3.4a_323"
"T22H9.1a",304,"T22H9.1a_304"
"T23G4.4",598,"T23G4.4_598"
"T23G7.3",329,"T23G7.3_329"
"T24E12.8",212,"T24E12.8_212"
"T25G3.1.1",130,"T25G3.1.1_130"
"T27C4.2a",390,"T27C4.2a_390"
"T27F7.2a",325,"T27F7.2a_325"
"T28B8.2.1",51,"T28B8.2.1_51"
"T28F3.9",35,"T28F3.9_35"
"VC5.3a",516,"VC5.3a_516"
"W01B6.6",10,"W01B6.6_10"
"W01B6.6",41,"W01B6.6_41"
"W02B8.3",288,"W02B8.3_288"
"W02B8.4",189,"W02B8.4_189"
"W02D7.6",301,"W02D7.6_301"
"W03C9.2",287,"W03C9.2_287"
"W03D8.3",77,"W03D8.3_77"
"W03G9.3",438,"W03G9.3_438"
"W05B10.2.1",81,"W05B10.2.1_81"
"W05F2.2",433,"W05F2.2_433"
"W06A11.4",21,"W06A11.4_21"
"W06D4.6",82,"W06D4.6_82"
"W06H8.8g",8602,"W06H8.8g_8602"
"W06H8.8g",12119,"W06H8.8g_12119"
"W06H8.8g",16364,"W06H8.8g_16364"
"W08A12.3a",42,"W08A12.3a_42"
"W08F4.10",112,"W08F4.10_112"
"W10C8.2",309,"W10C8.2_309"
"W10G11.16b",474,"W10G11.16b_474"
"Y102E9.2b",369,"Y102E9.2b_369"
"Y106G6D.3",71,"Y106G6D.3_71"
"Y106G6D.3",88,"Y106G6D.3_88"
"Y106G6D.5a",264,"Y106G6D.5a_264"
"Y106G6D.7",586,"Y106G6D.7_586"
"Y108G3AL.7b",238,"Y108G3AL.7b_238"
"Y110A7A.16",434,"Y110A7A.16_434"
"Y111B2A.11.1",328,"Y111B2A.11.1_328"
"Y111B2A.14c.1",8,"Y111B2A.14c.1_8"
"Y111B2A.22a",54,"Y111B2A.22a_54"
"Y116A8C.32a",110,"Y116A8C.32a_110"
"Y119D3B.20",190,"Y119D3B.20_190"
"Y18D10A.21",277,"Y18D10A.21_277"
"Y18D10A.6a",530,"Y18D10A.6a_530"
"Y18H1A.2",159,"Y18H1A.2_159"
"Y22D7AR.13.1",349,"Y22D7AR.13.1_349"
"Y32B12B.8",49,"Y32B12B.8_49"
"Y32F6A.1.1",195,"Y32F6A.1.1_195"
"Y32H12A.2b.1",307,"Y32H12A.2b.1_307"
"Y32H12A.8.1",1727,"Y32H12A.8.1_1727"
"Y34B4A.3",355,"Y34B4A.3_355"
"Y34B4A.8b",63,"Y34B4A.8b_63"
"Y34D9A.7a",78,"Y34D9A.7a_78"
"Y37A1B.11b",120,"Y37A1B.11b_120"
"Y37A1B.1a",749,"Y37A1B.1a_749"
"Y37D8A.12a",434,"Y37D8A.12a_434"
"Y37D8A.13",805,"Y37D8A.13_805"
"Y37E11AM.2b.1",50,"Y37E11AM.2b.1_50"
"Y38E10A.17",83,"Y38E10A.17_83"
"Y38E10A.6b",333,"Y38E10A.6b_333"
"Y38F1A.4",311,"Y38F1A.4_311"
"Y38F1A.4",320,"Y38F1A.4_320"
"Y38F1A.5.1",383,"Y38F1A.5.1_383"
"Y38H6C.21",40,"Y38H6C.21_40"
"Y39A1C.3.1",266,"Y39A1C.3.1_266"
"Y39A3CR.8a",53,"Y39A3CR.8a_53"
"Y39A3CR.8a",128,"Y39A3CR.8a_128"
"Y39A3CR.8a",155,"Y39A3CR.8a_155"
"Y39B6A.1",319,"Y39B6A.1_319"
"Y40B1A.3b",12,"Y40B1A.3b_12"
"Y41C4A.4g",385,"Y41C4A.4g_385"
"Y41D4B.11a",69,"Y41D4B.11a_69"
"Y41E3.11a.1",412,"Y41E3.11a.1_412"
"Y41E3.11a.1",1259,"Y41E3.11a.1_1259"
"Y43C5A.4",46,"Y43C5A.4_46"
"Y43F8C.4",173,"Y43F8C.4_173"
"Y43H11AL.3a",619,"Y43H11AL.3a_619"
"Y43H11AL.3a",884,"Y43H11AL.3a_884"
"Y45G5AM.8a",128,"Y45G5AM.8a_128"
"Y46E12BL.2a",1155,"Y46E12BL.2a_1155"
"Y47G6A.20b",584,"Y47G6A.20b_584"
"Y47G6A.23d",1498,"Y47G6A.23d_1498"
"Y47G6A.26",191,"Y47G6A.26_191"
"Y47G6A.3",204,"Y47G6A.3_204"
"Y47G6A.32",220,"Y47G6A.32_220"
"Y47G6A.6",346,"Y47G6A.6_346"
"Y47G7B.3",313,"Y47G7B.3_313"
"Y48A6B.13f",343,"Y48A6B.13f_343"
"Y48E1C.1a",144,"Y48E1C.1a_144"
"Y49F6B.4",291,"Y49F6B.4_291"
"Y49F6B.9a.1",357,"Y49F6B.9a.1_357"
"Y50D4A.10",32,"Y50D4A.10_32"
"Y50D4A.1a",815,"Y50D4A.1a_815"
"Y51H1A.2a",256,"Y51H1A.2a_256"
"Y51H4A.3a",182,"Y51H4A.3a_182"
"Y53C12B.2.1",52,"Y53C12B.2.1_52"
"Y53H1A.1a",566,"Y53H1A.1a_566"
"Y54E10A.10.1",246,"Y54E10A.10.1_246"
"Y54F10AM.6.1",248,"Y54F10AM.6.1_248"
"Y54F10BM.13",60,"Y54F10BM.13_60"
"Y54F10BM.2",337,"Y54F10BM.2_337"
"Y54G2A.3a",14,"Y54G2A.3a_14"
"Y54G2A.42",86,"Y54G2A.42_86"
"Y54G9A.7",124,"Y54G9A.7_124"
"Y55B1AL.3a",258,"Y55B1AL.3a_258"
"Y55B1BR.3.1",256,"Y55B1BR.3.1_256"
"Y55F3AM.2",214,"Y55F3AM.2_214"
"Y57A10A.13",140,"Y57A10A.13_140"
"Y57A10A.25",343,"Y57A10A.25_343"
"Y57G11A.5",8,"Y57G11A.5_8"
"Y57G11C.42a",403,"Y57G11C.42a_403"
"Y57G11C.46",321,"Y57G11C.46_321"
"Y57G11C.9b",146,"Y57G11C.9b_146"
"Y59A8B.14a",599,"Y59A8B.14a_599"
"Y59A8B.1a",395,"Y59A8B.1a_395"
"Y59A8B.1a",860,"Y59A8B.1a_860"
"Y59A8B.23a",453,"Y59A8B.23a_453"
"Y59C2A.1",130,"Y59C2A.1_130"
"Y59C2A.3",113,"Y59C2A.3_113"
"Y59E9AL.36",64,"Y59E9AL.36_64"
"Y59E9AL.36",353,"Y59E9AL.36_353"
"Y59E9AL.36",454,"Y59E9AL.36_454"
"Y60A3A.25",202,"Y60A3A.25_202"
"Y60A9.1",133,"Y60A9.1_133"
"Y61B8A.1",328,"Y61B8A.1_328"
"Y61B8A.2",330,"Y61B8A.2_330"
"Y62E10A.6",261,"Y62E10A.6_261"
"Y62H9A.13",314,"Y62H9A.13_314"
"Y63D3A.8",59,"Y63D3A.8_59"
"Y65B4A.1",274,"Y65B4A.1_274"
"Y65B4BR.8",186,"Y65B4BR.8_186"
"Y66D12A.11",7,"Y66D12A.11_7"
"Y69A2AL.1",108,"Y69A2AL.1_108"
"Y69A2AR.24",12,"Y69A2AR.24_12"
"Y69A2AR.51",11,"Y69A2AR.51_11"
"Y6B3B.1",843,"Y6B3B.1_843"
"Y6B3B.1",858,"Y6B3B.1_858"
"Y71A12B.4",143,"Y71A12B.4_143"
"Y71F9AL.11",151,"Y71F9AL.11_151"
"Y71G12B.8",19,"Y71G12B.8_19"
"Y71H2B.6",168,"Y71H2B.6_168"
"Y71H2B.6",174,"Y71H2B.6_174"
"Y73B6BL.1",91,"Y73B6BL.1_91"
"Y73B6BL.19",521,"Y73B6BL.19_521"
"Y73F8A.20",483,"Y73F8A.20_483"
"Y75B8A.1.1",200,"Y75B8A.1.1_200"
"Y75B8A.7",628,"Y75B8A.7_628"
"Y76B12C.2",302,"Y76B12C.2_302"
"Y76B12C.7a",741,"Y76B12C.7a_741"
"Y81G3A.1",120,"Y81G3A.1_120"
"Y82E9BR.19",307,"Y82E9BR.19_307"
"Y82E9BR.2",408,"Y82E9BR.2_408"
"Y87G2A.13",63,"Y87G2A.13_63"
"Y87G2A.20",74,"Y87G2A.20_74"
"Y87G2A.25",55,"Y87G2A.25_55"
"Y92H12BL.4",115,"Y92H12BL.4_115"
"Y95B8A.1",264,"Y95B8A.1_264"
"Y95B8A.6c",168,"Y95B8A.6c_168"
"Y97E10B.7a",259,"Y97E10B.7a_259"
"Y9D1A.1",210,"Y9D1A.1_210"
"ZC123.1",711,"ZC123.1_711"
"ZC328.5",178,"ZC328.5_178"
"ZC373.4",626,"ZC373.4_626"
"ZC376.4",70,"ZC376.4_70"
"ZC455.7b",138,"ZC455.7b_138"
"ZC506.3.1",493,"ZC506.3.1_493"
"ZC8.4a.1",2224,"ZC8.4a.1_2224"
"ZK1010.5",751,"ZK1010.5_751"
"ZK1010.8.1",186,"ZK1010.8.1_186"
"ZK1098.1a",576,"ZK1098.1a_576"
"ZK1098.1a",715,"ZK1098.1a_715"
"ZK1128.5",49,"ZK1128.5_49"
"ZK1248.20",119,"ZK1248.20_119"
"ZK270.2d",4092,"ZK270.2d_4092"
"ZK287.6",265,"ZK287.6_265"
"ZK418.13",7,"ZK418.13_7"
"ZK418.13",129,"ZK418.13_129"
"ZK484.3",253,"ZK484.3_253"
"ZK616.1.1",172,"ZK616.1.1_172"
"ZK617.1b.1",6209,"ZK617.1b.1_6209"
"ZK669.1a",392,"ZK669.1a_392"
"ZK673.6",172,"ZK673.6_172"
"ZK678.1.1",444,"ZK678.1.1_444"
"ZK686.4",178,"ZK686.4_178"
"ZK742.2",170,"ZK742.2_170"
"ZK742.2",527,"ZK742.2_527"
"ZK770.1",123,"ZK770.1_123"
"ZK945.9",2530,"ZK945.9_2530"
"ZK970.1b",242,"ZK970.1b_242"
"ZK973.2.1",275,"ZK973.2.1_275"
"ZK973.6",3021,"ZK973.6_3021"
"ZK973.6",3924,"ZK973.6_3924"
"ZK973.6",4878,"ZK973.6_4878"
"ZK973.6",5781,"ZK973.6_5781"
"ZK973.6",6684,"ZK973.6_6684"
"ZK973.6",7587,"ZK973.6_7587"
"ZK993.1a",107,"ZK993.1a_107"
