B0035.9,0.0679611650485,0.00970873786408,0.0291262135922,0.0388349514563,0.0194174757282,0.165048543689,0.0194174757282,0.0582524271845,0.106796116505,0.0776699029126,0.0194174757282,0.0194174757282,0.00970873786408,0.0194174757282,0.135922330097,0.0194174757282,0.0582524271845,0.0873786407767,0.0,0.0388349514563
B0228.4c,0.0717715768981,0.0101232965607,0.0450356911097,0.108371187541,0.0311486048021,0.0395846852693,0.0182998053212,0.0665801427644,0.0686567164179,0.0733290071382,0.0207657365347,0.045554834523,0.0279039584685,0.0484101232966,0.0499675535367,0.116677482154,0.0712524334848,0.065671641791,0.00597014925373,0.0149253731343
B0303.3.1,0.131696428571,0.0111607142857,0.0491071428571,0.0491071428571,0.03125,0.0803571428571,0.0223214285714,0.0491071428571,0.0825892857143,0.0982142857143,0.03125,0.0401785714286,0.0424107142857,0.0223214285714,0.0379464285714,0.0580357142857,0.0558035714286,0.078125,0.00223214285714,0.0267857142857
B0432.2,0.106951871658,0.0106951871658,0.0427807486631,0.096256684492,0.0160427807487,0.101604278075,0.0160427807487,0.0802139037433,0.0802139037433,0.117647058824,0.0160427807487,0.00534759358289,0.0427807486631,0.0160427807487,0.0320855614973,0.0641711229947,0.0374331550802,0.101604278075,0.0,0.0160427807487
B0379.1a,0.0849056603774,0.00943396226415,0.061320754717,0.0377358490566,0.0424528301887,0.0330188679245,0.0377358490566,0.0424528301887,0.0471698113208,0.0801886792453,0.0188679245283,0.0471698113208,0.0566037735849,0.0235849056604,0.0943396226415,0.0943396226415,0.061320754717,0.0330188679245,0.0188679245283,0.0754716981132
B0365.1,0.0864422202002,0.0118289353958,0.049135577798,0.066424021838,0.0409463148317,0.090991810737,0.0236578707916,0.073703366697,0.0627843494086,0.080982711556,0.024567788899,0.0363967242948,0.0500454959054,0.0300272975432,0.0482256596906,0.0582347588717,0.0591446769791,0.0646041856233,0.0090991810737,0.0327570518653
B0350.2f.1,0.0644838432943,0.00285959393766,0.0712038890478,0.142264798399,0.0223048327138,0.0413211323992,0.04403774664,0.0351730054332,0.0373177008865,0.0493279954246,0.00957963969116,0.0215899342293,0.0667715184444,0.0531884472405,0.0426079496711,0.104518158422,0.0937946811553,0.0753503002574,0.00128681727195,0.0210180154418
C03G5.1,0.0990712074303,0.0139318885449,0.0634674922601,0.0541795665635,0.0263157894737,0.0990712074303,0.0356037151703,0.0479876160991,0.046439628483,0.0835913312693,0.0232198142415,0.0510835913313,0.0325077399381,0.0294117647059,0.0603715170279,0.0572755417957,0.0603715170279,0.0712074303406,0.00928792569659,0.0356037151703
C02C6.1b,0.0644391408115,0.00715990453461,0.063245823389,0.0692124105012,0.0346062052506,0.0668257756563,0.0190930787589,0.063245823389,0.0644391408115,0.090692124105,0.0346062052506,0.0429594272076,0.0715990453461,0.0536992840095,0.0680190930788,0.0536992840095,0.0429594272076,0.0584725536993,0.00596658711217,0.0250596658711
C04C11.1a.1,0.064406779661,0.0101694915254,0.0677966101695,0.071186440678,0.0237288135593,0.0271186440678,0.0305084745763,0.0508474576271,0.0305084745763,0.0610169491525,0.0237288135593,0.0440677966102,0.0677966101695,0.0440677966102,0.108474576271,0.071186440678,0.0677966101695,0.0677966101695,0.0271186440678,0.0406779661017
C14F11.4a,0.0572916666667,0.00260416666667,0.0494791666667,0.0729166666667,0.0078125,0.0286458333333,0.0260416666667,0.0729166666667,0.078125,0.0911458333333,0.015625,0.0494791666667,0.0729166666667,0.046875,0.0729166666667,0.119791666667,0.0625,0.0442708333333,0.0,0.0286458333333
C09B8.6a,0.0365296803653,0.0,0.0502283105023,0.0913242009132,0.0365296803653,0.0502283105023,0.027397260274,0.0319634703196,0.041095890411,0.0730593607306,0.027397260274,0.0639269406393,0.0867579908676,0.0365296803653,0.0913242009132,0.0867579908676,0.0730593607306,0.0456621004566,0.0,0.0502283105023
C17G1.6a,0.0679738562092,0.0418300653595,0.0496732026144,0.0470588235294,0.0274509803922,0.0732026143791,0.0156862745098,0.0444444444444,0.0496732026144,0.0705882352941,0.00915032679739,0.0549019607843,0.0588235294118,0.043137254902,0.0679738562092,0.0928104575163,0.0692810457516,0.0496732026144,0.0183006535948,0.0483660130719
C10B5.3,0.0675675675676,0.0135135135135,0.0675675675676,0.121621621622,0.0405405405405,0.0202702702703,0.0202702702703,0.0337837837838,0.027027027027,0.0675675675676,0.0202702702703,0.027027027027,0.0202702702703,0.0337837837838,0.0945945945946,0.101351351351,0.114864864865,0.101351351351,0.00675675675676,0.0
C14A4.1,0.104026845638,0.0335570469799,0.0771812080537,0.10067114094,0.0234899328859,0.0369127516779,0.0201342281879,0.0402684563758,0.0570469798658,0.107382550336,0.0201342281879,0.0335570469799,0.0369127516779,0.0402684563758,0.0503355704698,0.0738255033557,0.0369127516779,0.0704697986577,0.00671140939597,0.0302013422819
C17G10.8,0.107655502392,0.011961722488,0.0526315789474,0.0622009569378,0.0454545454545,0.0789473684211,0.0215311004785,0.0622009569378,0.1004784689,0.0885167464115,0.0358851674641,0.0358851674641,0.0454545454545,0.00956937799043,0.0311004784689,0.0526315789474,0.0789473684211,0.0502392344498,0.00717703349282,0.0215311004785
C18B2.3.1,0.0508474576271,0.00847457627119,0.0381355932203,0.0296610169492,0.0296610169492,0.0847457627119,0.0254237288136,0.0254237288136,0.0381355932203,0.0762711864407,0.0254237288136,0.0338983050847,0.0466101694915,0.0127118644068,0.110169491525,0.152542372881,0.0762711864407,0.0466101694915,0.0127118644068,0.0762711864407
C18A11.7a,0.0625,0.015625,0.0625,0.0703125,0.04375,0.0484375,0.0171875,0.05,0.096875,0.065625,0.0171875,0.0609375,0.05625,0.0484375,0.040625,0.090625,0.075,0.0421875,0.0046875,0.03125
C08A9.10,0.0431654676259,0.0935251798561,0.0575539568345,0.0503597122302,0.0431654676259,0.0503597122302,0.0431654676259,0.0431654676259,0.0431654676259,0.0503597122302,0.0287769784173,0.0647482014388,0.0575539568345,0.0503597122302,0.0503597122302,0.0575539568345,0.0575539568345,0.0575539568345,0.0215827338129,0.0359712230216
C09D1.1b,0.0637297364188,0.0115084766737,0.0638534834798,0.0967702017077,0.0296992946418,0.0621210246257,0.0155921296869,0.0518500185621,0.0961514664027,0.0591510951615,0.0108897413686,0.03440168296,0.0663284246999,0.0327929711669,0.0403415418884,0.0740007424824,0.0770944190075,0.0806830837768,0.0101472590026,0.0228932062864
C34B2.7.1,0.08125,0.01875,0.0625,0.0546875,0.03125,0.0984375,0.0328125,0.0515625,0.0515625,0.075,0.0265625,0.05,0.0359375,0.0421875,0.05625,0.053125,0.065625,0.0671875,0.009375,0.0359375
C25A8.4,0.0543580131209,0.020618556701,0.0552952202437,0.0571696344892,0.0421743205248,0.0609184629803,0.0299906279288,0.0571696344892,0.0693533270853,0.087160262418,0.0281162136832,0.0487347703843,0.0402999062793,0.0346766635426,0.0468603561387,0.0834114339269,0.0609184629803,0.0749765698219,0.0131208997188,0.0346766635426
C46G7.2,0.08,0.004,0.076,0.036,0.06,0.02,0.032,0.036,0.08,0.04,0.02,0.028,0.06,0.044,0.092,0.076,0.064,0.044,0.024,0.084
C44C10.9b,0.0641025641026,0.0299145299145,0.0598290598291,0.0854700854701,0.0299145299145,0.0854700854701,0.00854700854701,0.0470085470085,0.0555555555556,0.0811965811966,0.017094017094,0.0555555555556,0.0299145299145,0.0299145299145,0.0726495726496,0.0683760683761,0.0470085470085,0.042735042735,0.0042735042735,0.0854700854701
C37C3.6b.1,0.0659898477157,0.079833871712,0.0599907706507,0.0766035994462,0.0387632671897,0.0895246885095,0.0179972311952,0.0221504383941,0.0484540839871,0.0447623442547,0.00830641439778,0.0502999538533,0.0599907706507,0.0484540839871,0.0461467466544,0.073834794647,0.0696815874481,0.0502999538533,0.0147669589294,0.0341485925242
C43C3.1.1,0.0567010309278,0.00773195876289,0.0592783505155,0.0824742268041,0.0244845360825,0.0360824742268,0.0463917525773,0.0798969072165,0.0451030927835,0.0734536082474,0.014175257732,0.0618556701031,0.034793814433,0.0425257731959,0.0863402061856,0.0940721649485,0.0631443298969,0.055412371134,0.00386597938144,0.0322164948454
C46C2.5,0.0403587443946,0.0313901345291,0.0538116591928,0.0582959641256,0.067264573991,0.0448430493274,0.00448430493274,0.085201793722,0.085201793722,0.134529147982,0.0269058295964,0.0807174887892,0.0134529147982,0.0179372197309,0.0179372197309,0.121076233184,0.0403587443946,0.0448430493274,0.0,0.0313901345291
C54D1.5,0.0728720146969,0.0606246172688,0.0704225352113,0.0875688916105,0.0336803429271,0.0691977954685,0.0183710961421,0.0489895897122,0.053276178812,0.059399877526,0.00673606858543,0.0661359461115,0.0342927127985,0.0606246172688,0.044090630741,0.0673606858543,0.056338028169,0.0514390691978,0.00979791794244,0.0287813839559
C34C12.8,0.0759493670886,0.0084388185654,0.0717299578059,0.0759493670886,0.042194092827,0.0590717299578,0.0126582278481,0.0548523206751,0.101265822785,0.0801687763713,0.0126582278481,0.0253164556962,0.0337552742616,0.0590717299578,0.0548523206751,0.0675105485232,0.0548523206751,0.0886075949367,0.0,0.0210970464135
C28D4.3.1,0.0679347826087,0.0271739130435,0.0625,0.054347826087,0.0271739130435,0.0923913043478,0.0407608695652,0.0489130434783,0.0353260869565,0.0733695652174,0.0380434782609,0.0380434782609,0.0597826086957,0.0434782608696,0.0652173913043,0.0434782608696,0.0652173913043,0.054347826087,0.0217391304348,0.0407608695652
C49G7.3,0.137096774194,0.104838709677,0.0443548387097,0.0161290322581,0.0403225806452,0.0685483870968,0.0,0.0362903225806,0.0161290322581,0.0443548387097,0.0161290322581,0.0524193548387,0.0564516129032,0.0362903225806,0.0403225806452,0.0887096774194,0.108870967742,0.0483870967742,0.00806451612903,0.0362903225806
C47E8.7.1,0.075,0.00833333333333,0.0638888888889,0.0694444444444,0.0430555555556,0.0513888888889,0.0291666666667,0.05,0.0569444444444,0.102777777778,0.0305555555556,0.0513888888889,0.0444444444444,0.0513888888889,0.0694444444444,0.0805555555556,0.0347222222222,0.0444444444444,0.0180555555556,0.025
C53B7.2.1,0.0355029585799,0.10650887574,0.0473372781065,0.0177514792899,0.0118343195266,0.0532544378698,0.0473372781065,0.0414201183432,0.00591715976331,0.0414201183432,0.0295857988166,0.0473372781065,0.0591715976331,0.0591715976331,0.0710059171598,0.14201183432,0.0591715976331,0.0710059171598,0.0,0.0532544378698
C44F1.3.1,0.0318021201413,0.0,0.0530035335689,0.0883392226148,0.0636042402827,0.102473498233,0.0388692579505,0.0742049469965,0.0565371024735,0.0918727915194,0.00353356890459,0.0600706713781,0.0459363957597,0.0459363957597,0.0636042402827,0.0459363957597,0.0353356890459,0.0565371024735,0.017667844523,0.0247349823322
C47E12.1.1,0.0698151950719,0.0123203285421,0.0595482546201,0.0862422997947,0.041067761807,0.0574948665298,0.0143737166324,0.0636550308008,0.0841889117043,0.0759753593429,0.0205338809035,0.0451745379877,0.0349075975359,0.0554414784394,0.0513347022587,0.0554414784394,0.0451745379877,0.0862422997947,0.0102669404517,0.0308008213552
C41G11.1a,0.04662004662,0.020979020979,0.04662004662,0.0582750582751,0.048951048951,0.048951048951,0.034965034965,0.0652680652681,0.0559440559441,0.0979020979021,0.030303030303,0.0769230769231,0.034965034965,0.032634032634,0.0536130536131,0.0606060606061,0.0699300699301,0.0745920745921,0.011655011655,0.030303030303
C27B7.5,0.0466321243523,0.0103626943005,0.0388601036269,0.0699481865285,0.0362694300518,0.111398963731,0.0233160621762,0.0336787564767,0.0440414507772,0.0518134715026,0.0362694300518,0.0414507772021,0.0673575129534,0.0336787564767,0.0880829015544,0.132124352332,0.0466321243523,0.0518134715026,0.00259067357513,0.0336787564767
C29F9.7,0.0901287553648,0.0171673819742,0.0579399141631,0.0536480686695,0.0343347639485,0.0557939914163,0.0450643776824,0.0622317596567,0.0364806866953,0.0944206008584,0.0407725321888,0.0536480686695,0.0515021459227,0.0321888412017,0.0579399141631,0.0665236051502,0.0407725321888,0.068669527897,0.0214592274678,0.019313304721
F28F5.3c,0.0536851683348,0.00727934485896,0.066424021838,0.0828025477707,0.0227479526843,0.0427661510464,0.0218380345769,0.0327570518653,0.0555050045496,0.0509554140127,0.0200181983621,0.0427661510464,0.0646041856233,0.0527752502275,0.0946314831665,0.118289353958,0.0627843494086,0.056414922657,0.00454959053685,0.0464058234759
F25D1.1a,0.0726495726496,0.017094017094,0.0726495726496,0.0854700854701,0.0363247863248,0.0576923076923,0.0277777777778,0.0619658119658,0.0576923076923,0.0726495726496,0.0277777777778,0.0384615384615,0.0384615384615,0.0320512820513,0.0512820512821,0.0854700854701,0.0598290598291,0.0811965811966,0.00854700854701,0.0149572649573
F28D1.7a.1,0.0699300699301,0.020979020979,0.027972027972,0.048951048951,0.041958041958,0.104895104895,0.027972027972,0.0629370629371,0.13986013986,0.0559440559441,0.00699300699301,0.0559440559441,0.041958041958,0.027972027972,0.0769230769231,0.048951048951,0.034965034965,0.0839160839161,0.013986013986,0.00699300699301
F38B2.1d,0.0709459459459,0.00168918918919,0.0709459459459,0.10472972973,0.0253378378378,0.0439189189189,0.0135135135135,0.0472972972973,0.0675675675676,0.101351351351,0.0287162162162,0.0523648648649,0.0152027027027,0.0726351351351,0.0945945945946,0.0608108108108,0.0591216216216,0.0422297297297,0.00506756756757,0.0219594594595
F38A5.3a,0.0215517241379,0.00862068965517,0.0129310344828,0.051724137931,0.0344827586207,0.0818965517241,0.112068965517,0.0948275862069,0.0258620689655,0.0172413793103,0.051724137931,0.0344827586207,0.10775862069,0.0646551724138,0.051724137931,0.0258620689655,0.0474137931034,0.10775862069,0.00431034482759,0.0431034482759
F13B10.2a.1,0.0798004987531,0.00498753117207,0.0399002493766,0.0498753117207,0.0399002493766,0.0773067331671,0.0423940149626,0.0648379052369,0.127182044888,0.0523690773067,0.0224438902743,0.0224438902743,0.0349127182045,0.0349127182045,0.0798004987531,0.0423940149626,0.0822942643392,0.0623441396509,0.0174563591022,0.0224438902743
F26E4.3.1,0.0398230088496,0.0553097345133,0.070796460177,0.0486725663717,0.0398230088496,0.0973451327434,0.0309734513274,0.0508849557522,0.0530973451327,0.0619469026549,0.0199115044248,0.033185840708,0.0486725663717,0.037610619469,0.0730088495575,0.0818584070796,0.0442477876106,0.0486725663717,0.0265486725664,0.037610619469
F07A11.2a.1,0.0689655172414,0.0206896551724,0.0634482758621,0.0744827586207,0.0358620689655,0.0593103448276,0.031724137931,0.0758620689655,0.0565517241379,0.0979310344828,0.0262068965517,0.0358620689655,0.0331034482759,0.0331034482759,0.0593103448276,0.0813793103448,0.0455172413793,0.071724137931,0.00551724137931,0.0234482758621
F01G10.1.1,0.129449838188,0.00970873786408,0.0566343042071,0.0614886731392,0.0388349514563,0.084142394822,0.0258899676375,0.0631067961165,0.0647249190939,0.0711974110032,0.0161812297735,0.0307443365696,0.042071197411,0.0258899676375,0.042071197411,0.0679611650485,0.0598705501618,0.07928802589,0.00485436893204,0.0258899676375
F32D1.5a.1,0.0921787709497,0.0139664804469,0.0586592178771,0.0530726256983,0.0418994413408,0.0921787709497,0.0307262569832,0.0502793296089,0.0698324022346,0.0614525139665,0.0279329608939,0.0446927374302,0.0418994413408,0.0167597765363,0.0418994413408,0.0670391061453,0.0698324022346,0.0865921787709,0.00558659217877,0.0335195530726
F26B1.2a,0.0680100755668,0.0125944584383,0.0403022670025,0.0604534005038,0.0302267002519,0.151133501259,0.0151133501259,0.0680100755668,0.0503778337531,0.0478589420655,0.0176322418136,0.0453400503778,0.0780856423174,0.0629722921914,0.0705289672544,0.0579345088161,0.0528967254408,0.0478589420655,0.0,0.0226700251889
F46F11.2,0.101123595506,0.00749063670412,0.0674157303371,0.101123595506,0.0187265917603,0.0674157303371,0.00749063670412,0.0411985018727,0.101123595506,0.059925093633,0.0112359550562,0.0374531835206,0.0337078651685,0.0449438202247,0.0749063670412,0.101123595506,0.0524344569288,0.0486891385768,0.00749063670412,0.0149812734082
F10C1.2b,0.0730050933786,0.00339558573854,0.0730050933786,0.100169779287,0.0152801358234,0.0594227504244,0.0118845500849,0.0492359932088,0.0764006791171,0.0797962648557,0.0220713073005,0.0526315789474,0.0135823429542,0.0662139219015,0.0865874363328,0.0679117147708,0.0577249575552,0.0577249575552,0.00848896434635,0.025466893039
F41G4.2a,0.0740445859873,0.00716560509554,0.0501592356688,0.046974522293,0.0421974522293,0.0421974522293,0.0334394904459,0.0326433121019,0.0429936305732,0.0525477707006,0.0127388535032,0.078821656051,0.105095541401,0.0573248407643,0.0581210191083,0.107484076433,0.0541401273885,0.0589171974522,0.00955414012739,0.0334394904459
F43E2.8a.1,0.076103500761,0.00304414003044,0.0715372907154,0.089802130898,0.0350076103501,0.0791476407915,0.013698630137,0.0684931506849,0.0867579908676,0.0669710806697,0.0182648401826,0.0517503805175,0.0319634703196,0.0441400304414,0.0365296803653,0.0532724505327,0.0608828006088,0.0867579908676,0.00304414003044,0.0228310502283
F45E4.2,0.070796460177,0.0,0.0442477876106,0.0840707964602,0.0309734513274,0.0619469026549,0.0221238938053,0.0929203539823,0.0796460176991,0.070796460177,0.0221238938053,0.0619469026549,0.0309734513274,0.0353982300885,0.070796460177,0.0752212389381,0.0575221238938,0.0530973451327,0.0,0.0353982300885
DY3.2.1,0.0901060070671,0.0017667844523,0.0724381625442,0.111307420495,0.0194346289753,0.0406360424028,0.0212014134276,0.0371024734982,0.0795053003534,0.0936395759717,0.0141342756184,0.0512367491166,0.017667844523,0.0636042402827,0.0742049469965,0.0848056537102,0.0406360424028,0.0636042402827,0.00530035335689,0.017667844523
F28C6.7a,0.0633802816901,0.00704225352113,0.0492957746479,0.0422535211268,0.0211267605634,0.0704225352113,0.056338028169,0.0774647887324,0.119718309859,0.0492957746479,0.0211267605634,0.0352112676056,0.0352112676056,0.0,0.12676056338,0.0633802816901,0.0704225352113,0.0845070422535,0.0,0.00704225352113
D1086.10c,0.0670103092784,0.020618556701,0.0309278350515,0.0876288659794,0.0412371134021,0.0154639175258,0.0103092783505,0.0567010309278,0.0360824742268,0.0618556701031,0.0103092783505,0.0412371134021,0.0773195876289,0.0463917525773,0.0257731958763,0.10824742268,0.170103092784,0.0567010309278,0.0154639175258,0.020618556701
F29B9.6.1,0.078313253012,0.0240963855422,0.0542168674699,0.078313253012,0.0421686746988,0.0542168674699,0.0240963855422,0.066265060241,0.0963855421687,0.0903614457831,0.0180722891566,0.0481927710843,0.078313253012,0.0421686746988,0.0481927710843,0.0361445783133,0.0240963855422,0.0361445783133,0.0240963855422,0.0361445783133
F13G11.3,0.0154639175258,0.0515463917526,0.0567010309278,0.0567010309278,0.0670103092784,0.0463917525773,0.0154639175258,0.0824742268041,0.0567010309278,0.0979381443299,0.0309278350515,0.0773195876289,0.0618556701031,0.0360824742268,0.0515463917526,0.0618556701031,0.0309278350515,0.0618556701031,0.0103092783505,0.0309278350515
F43D9.4,0.0566037735849,0.0125786163522,0.0377358490566,0.062893081761,0.0503144654088,0.0566037735849,0.062893081761,0.0377358490566,0.0691823899371,0.0691823899371,0.0314465408805,0.0566037735849,0.0566037735849,0.0440251572327,0.0377358490566,0.0566037735849,0.11320754717,0.0691823899371,0.0062893081761,0.0125786163522
F29G9.5,0.0632054176072,0.00902934537246,0.058690744921,0.10835214447,0.0248306997743,0.0812641083521,0.0158013544018,0.0609480812641,0.0857787810384,0.0925507900677,0.0316027088036,0.0293453724605,0.0496613995485,0.0451467268623,0.0677200902935,0.0496613995485,0.0428893905192,0.058690744921,0.0,0.0248306997743
F25H2.5.1,0.0849673202614,0.0130718954248,0.0522875816993,0.0588235294118,0.0457516339869,0.078431372549,0.0326797385621,0.0718954248366,0.0588235294118,0.0588235294118,0.0326797385621,0.0392156862745,0.0457516339869,0.0392156862745,0.0522875816993,0.0718954248366,0.0392156862745,0.0718954248366,0.0196078431373,0.0326797385621
F42C5.10,0.047213622291,0.00541795665635,0.0634674922601,0.0866873065015,0.0201238390093,0.0386996904025,0.0820433436533,0.0456656346749,0.0417956656347,0.0588235294118,0.0131578947368,0.0456656346749,0.077399380805,0.047213622291,0.0565015479876,0.0882352941176,0.0557275541796,0.0688854489164,0.00232198142415,0.0549535603715
F21D5.1,0.0945454545455,0.0163636363636,0.06,0.0745454545455,0.0454545454545,0.0563636363636,0.0163636363636,0.06,0.0490909090909,0.0745454545455,0.0181818181818,0.0545454545455,0.0454545454545,0.0290909090909,0.06,0.0690909090909,0.0527272727273,0.0836363636364,0.00545454545455,0.0345454545455
F48E8.5.1,0.0694915254237,0.0135593220339,0.0610169491525,0.0830508474576,0.0338983050847,0.0406779661017,0.0135593220339,0.0542372881356,0.0627118644068,0.150847457627,0.0254237288136,0.0423728813559,0.0372881355932,0.0372881355932,0.0491525423729,0.0610169491525,0.0627118644068,0.0796610169492,0.00847457627119,0.0135593220339
F21C10.7,0.0548686244204,0.00463678516229,0.0448222565688,0.109737248841,0.0208655332303,0.0370942812983,0.0285935085008,0.0645285935085,0.0707109737249,0.0591190108192,0.0200927357032,0.0370942812983,0.0417310664606,0.0865533230294,0.0552550231839,0.0683925811437,0.089258114374,0.080370942813,0.0115919629057,0.0146831530139
F25H2.9,0.0967741935484,0.00403225806452,0.0604838709677,0.0806451612903,0.0483870967742,0.0685483870968,0.0120967741935,0.0645161290323,0.0725806451613,0.0846774193548,0.0241935483871,0.0362903225806,0.0201612903226,0.0443548387097,0.0443548387097,0.0725806451613,0.0564516129032,0.0887096774194,0.00403225806452,0.0161290322581
F22B3.4.1,0.0661971830986,0.0197183098592,0.0535211267606,0.0718309859155,0.0352112676056,0.0577464788732,0.0338028169014,0.0774647887324,0.0535211267606,0.1,0.0239436619718,0.0492957746479,0.0366197183099,0.0323943661972,0.0591549295775,0.0802816901408,0.0464788732394,0.0746478873239,0.00140845070423,0.0267605633803
F25H2.11,0.0773480662983,0.0110497237569,0.0994475138122,0.110497237569,0.0497237569061,0.060773480663,0.0220994475138,0.0718232044199,0.104972375691,0.0662983425414,0.0386740331492,0.0441988950276,0.0165745856354,0.0110497237569,0.0331491712707,0.0441988950276,0.0165745856354,0.0883977900552,0.00552486187845,0.0276243093923
F36A2.6,0.0728476821192,0.00662251655629,0.046357615894,0.046357615894,0.046357615894,0.0794701986755,0.0331125827815,0.0662251655629,0.119205298013,0.112582781457,0.0397350993377,0.0132450331126,0.046357615894,0.0331125827815,0.0860927152318,0.0264900662252,0.046357615894,0.0529801324503,0.0,0.0264900662252
F02A9.2a,0.137362637363,0.0,0.0549450549451,0.0934065934066,0.0384615384615,0.032967032967,0.0274725274725,0.0714285714286,0.137362637363,0.0879120879121,0.010989010989,0.032967032967,0.0494505494505,0.0274725274725,0.010989010989,0.0549450549451,0.043956043956,0.0549450549451,0.0,0.032967032967
D1054.11,0.145110410095,0.0157728706625,0.0473186119874,0.0725552050473,0.0283911671924,0.0599369085174,0.01261829653,0.0504731861199,0.0378548895899,0.0536277602524,0.00630914826498,0.0441640378549,0.0536277602524,0.0283911671924,0.0504731861199,0.0694006309148,0.0977917981073,0.0851735015773,0.00315457413249,0.0378548895899
F49C12.8,0.080487804878,0.0121951219512,0.0707317073171,0.080487804878,0.0536585365854,0.0487804878049,0.0219512195122,0.0609756097561,0.0731707317073,0.0951219512195,0.0292682926829,0.0390243902439,0.0219512195122,0.0341463414634,0.0707317073171,0.0365853658537,0.0536585365854,0.0609756097561,0.00487804878049,0.0512195121951
E04F6.8,0.078125,0.0,0.046875,0.078125,0.078125,0.09375,0.0234375,0.0859375,0.1015625,0.0625,0.0078125,0.0390625,0.015625,0.046875,0.015625,0.0859375,0.03125,0.0859375,0.0,0.0234375
F08G2.1,0.114754098361,0.0,0.0245901639344,0.0491803278689,0.016393442623,0.0409836065574,0.0327868852459,0.0491803278689,0.139344262295,0.0409836065574,0.0245901639344,0.0245901639344,0.0491803278689,0.016393442623,0.0737704918033,0.114754098361,0.0655737704918,0.0819672131148,0.0,0.0409836065574
D1054.10,0.106382978723,0.0265957446809,0.0425531914894,0.031914893617,0.031914893617,0.0691489361702,0.0531914893617,0.0585106382979,0.031914893617,0.0904255319149,0.0106382978723,0.0851063829787,0.0372340425532,0.0265957446809,0.0691489361702,0.0851063829787,0.0425531914894,0.063829787234,0.00531914893617,0.031914893617
F31D4.3.1,0.0649651972158,0.0116009280742,0.0487238979118,0.109048723898,0.0371229698376,0.0835266821346,0.0092807424594,0.0556844547564,0.0974477958237,0.0696055684455,0.0162412993039,0.0533642691415,0.0371229698376,0.0255220417633,0.046403712297,0.0556844547564,0.07656612529,0.0626450116009,0.0092807424594,0.030162412993
F22B5.2a,0.087786259542,0.0190839694656,0.0839694656489,0.0839694656489,0.0343511450382,0.0572519083969,0.0229007633588,0.0419847328244,0.0687022900763,0.030534351145,0.0381679389313,0.0419847328244,0.0419847328244,0.0419847328244,0.0839694656489,0.0267175572519,0.0725190839695,0.087786259542,0.0190839694656,0.0152671755725
F23B12.5.1,0.118343195266,0.00986193293886,0.043392504931,0.0512820512821,0.0315581854043,0.0808678500986,0.0197238658777,0.0611439842209,0.0670611439842,0.0848126232742,0.0177514792899,0.0276134122288,0.0650887573964,0.0414201183432,0.0335305719921,0.104536489152,0.0631163708087,0.0552268244576,0.00591715976331,0.0177514792899
F28B3.7a,0.0847860538827,0.00871632329635,0.0570522979398,0.110142630745,0.0301109350238,0.0419968304279,0.0206022187005,0.0491283676704,0.104595879556,0.0832012678288,0.0316957210777,0.0483359746434,0.0253565768621,0.0578446909667,0.0625990491284,0.0610142630745,0.0467511885895,0.0515055467512,0.00158478605388,0.0229793977813
F26D10.10,0.0731707317073,0.029810298103,0.0542005420054,0.0623306233062,0.0325203252033,0.0867208672087,0.0406504065041,0.0433604336043,0.0379403794038,0.070460704607,0.0352303523035,0.0460704607046,0.059620596206,0.0406504065041,0.0650406504065,0.0460704607046,0.0623306233062,0.0514905149051,0.0216802168022,0.0406504065041
E04F6.5a.1,0.101141924959,0.00652528548124,0.0505709624796,0.0570962479608,0.0456769983687,0.0962479608483,0.0195758564437,0.0505709624796,0.0734094616639,0.0848287112561,0.0326264274062,0.0424143556281,0.0244698205546,0.0440456769984,0.0407830342577,0.068515497553,0.0538336052202,0.0831973898858,0.00326264274062,0.021207177814
F37C12.11,0.0681818181818,0.0227272727273,0.113636363636,0.0340909090909,0.0113636363636,0.0795454545455,0.0113636363636,0.0795454545455,0.0568181818182,0.0454545454545,0.0340909090909,0.0340909090909,0.0568181818182,0.0454545454545,0.0909090909091,0.0795454545455,0.0340909090909,0.0795454545455,0.0,0.0227272727273
D1007.12,0.125786163522,0.0062893081761,0.0314465408805,0.0314465408805,0.0125786163522,0.0691823899371,0.0188679245283,0.0377358490566,0.169811320755,0.0503144654088,0.0062893081761,0.0440251572327,0.0251572327044,0.0691823899371,0.100628930818,0.0314465408805,0.062893081761,0.0817610062893,0.0062893081761,0.0188679245283
F42A10.1.1,0.0786516853933,0.00983146067416,0.063202247191,0.0800561797753,0.0252808988764,0.0533707865169,0.0210674157303,0.0435393258427,0.0758426966292,0.126404494382,0.0266853932584,0.0435393258427,0.0337078651685,0.0575842696629,0.0547752808989,0.0505617977528,0.060393258427,0.063202247191,0.00842696629213,0.0238764044944
F42C5.8a,0.105769230769,0.0,0.0336538461538,0.0528846153846,0.0240384615385,0.0625,0.0288461538462,0.0480769230769,0.110576923077,0.0817307692308,0.0144230769231,0.0528846153846,0.0288461538462,0.0336538461538,0.100961538462,0.0528846153846,0.0721153846154,0.0432692307692,0.0144230769231,0.0384615384615
D1007.6,0.107382550336,0.0,0.0268456375839,0.0939597315436,0.0335570469799,0.0738255033557,0.0268456375839,0.0536912751678,0.0805369127517,0.0738255033557,0.00671140939597,0.0268456375839,0.0805369127517,0.0201342281879,0.0738255033557,0.0268456375839,0.0604026845638,0.0604026845638,0.0134228187919,0.0604026845638
F18E2.2,0.0755627009646,0.0096463022508,0.0771704180064,0.0771704180064,0.0305466237942,0.0836012861736,0.024115755627,0.056270096463,0.0980707395498,0.107717041801,0.024115755627,0.0450160771704,0.0257234726688,0.048231511254,0.040192926045,0.0450160771704,0.048231511254,0.056270096463,0.008038585209,0.0192926045016
F10E7.7.1,0.112903225806,0.0,0.0161290322581,0.0241935483871,0.0403225806452,0.0887096774194,0.0483870967742,0.0483870967742,0.0887096774194,0.0806451612903,0.00806451612903,0.0403225806452,0.0483870967742,0.00806451612903,0.0967741935484,0.0403225806452,0.0967741935484,0.0645161290323,0.00806451612903,0.0403225806452
F25E2.4,0.0722347629797,0.00677200902935,0.0474040632054,0.103837471783,0.0225733634312,0.020316027088,0.0338600451467,0.0744920993228,0.0744920993228,0.0902934537246,0.0112866817156,0.0722347629797,0.0248306997743,0.038374717833,0.0993227990971,0.0835214446953,0.0541760722348,0.038374717833,0.00451467268623,0.0270880361174
F20D1.3,0.0583153347732,0.0194384449244,0.0518358531317,0.0345572354212,0.036717062635,0.097192224622,0.0194384449244,0.0496760259179,0.0302375809935,0.0691144708423,0.0215982721382,0.0712742980562,0.0993520518359,0.0842332613391,0.0323974082073,0.0777537796976,0.0388768898488,0.0453563714903,0.0129589632829,0.0496760259179
F35D11.11b,0.0654731457801,0.00358056265985,0.0598465473146,0.152429667519,0.0122762148338,0.0235294117647,0.0235294117647,0.0363171355499,0.0859335038363,0.109462915601,0.0291560102302,0.057800511509,0.00971867007673,0.0588235294118,0.102813299233,0.0670076726343,0.0496163682864,0.0393861892583,0.00358056265985,0.00971867007673
D2096.8,0.0917721518987,0.00316455696203,0.107594936709,0.101265822785,0.0696202531646,0.0537974683544,0.0189873417722,0.0537974683544,0.0886075949367,0.0791139240506,0.0158227848101,0.0284810126582,0.0443037974684,0.0443037974684,0.0253164556962,0.0348101265823,0.0601265822785,0.0506329113924,0.00632911392405,0.0221518987342
F11G11.2,0.121359223301,0.00485436893204,0.0582524271845,0.0582524271845,0.0776699029126,0.0679611650485,0.0291262135922,0.0339805825243,0.0728155339806,0.0970873786408,0.0145631067961,0.0388349514563,0.0533980582524,0.0485436893204,0.0339805825243,0.0388349514563,0.0242718446602,0.0728155339806,0.0145631067961,0.0388349514563
D2030.2a.1,0.0819112627986,0.0153583617747,0.0529010238908,0.0580204778157,0.0358361774744,0.080204778157,0.018771331058,0.037542662116,0.0665529010239,0.0887372013652,0.0221843003413,0.0443686006826,0.0460750853242,0.0597269624573,0.0511945392491,0.0972696245734,0.042662116041,0.0784982935154,0.0,0.0221843003413
F02A9.3.1,0.164835164835,0.0,0.0384615384615,0.10989010989,0.043956043956,0.0384615384615,0.0164835164835,0.0659340659341,0.120879120879,0.10989010989,0.00549450549451,0.021978021978,0.043956043956,0.043956043956,0.010989010989,0.032967032967,0.043956043956,0.0494505494505,0.0,0.0384615384615
F01F1.8a.1,0.100185528757,0.0111317254174,0.0612244897959,0.0834879406308,0.0166975881262,0.0705009276438,0.0296846011132,0.0538033395176,0.0779220779221,0.124304267161,0.025974025974,0.0371057513915,0.0371057513915,0.025974025974,0.0463821892393,0.038961038961,0.0612244897959,0.0797773654917,0.00556586270872,0.012987012987
F17C11.9a.1,0.110552763819,0.00502512562814,0.0628140703518,0.0653266331658,0.0552763819095,0.0552763819095,0.00502512562814,0.0251256281407,0.105527638191,0.0979899497487,0.0150753768844,0.0552763819095,0.0427135678392,0.0376884422111,0.0201005025126,0.0577889447236,0.0552763819095,0.070351758794,0.0251256281407,0.0326633165829
F17E9.4,0.0425531914894,0.0212765957447,0.106382978723,0.0425531914894,0.0992907801418,0.0567375886525,0.0283687943262,0.063829787234,0.0709219858156,0.0496453900709,0.0283687943262,0.0567375886525,0.0141843971631,0.0141843971631,0.00709219858156,0.0709219858156,0.0851063829787,0.0780141843972,0.00709219858156,0.0567375886525
F40F4.2.1,0.0496894409938,0.00621118012422,0.055900621118,0.0931677018634,0.111801242236,0.0683229813665,0.0310559006211,0.0248447204969,0.111801242236,0.0993788819876,0.0124223602484,0.055900621118,0.0186335403727,0.0186335403727,0.0248447204969,0.0496894409938,0.0683229813665,0.0372670807453,0.00621118012422,0.055900621118
F14D12.2.1,0.0431034482759,0.103448275862,0.0545977011494,0.0718390804598,0.0718390804598,0.0718390804598,0.0632183908046,0.0344827586207,0.0747126436782,0.0488505747126,0.0258620689655,0.0431034482759,0.0402298850575,0.0316091954023,0.0632183908046,0.0459770114943,0.0201149425287,0.051724137931,0.0114942528736,0.0287356321839
F23H11.3.1,0.118380062305,0.0155763239875,0.0342679127726,0.0436137071651,0.0249221183801,0.127725856698,0.0218068535826,0.0809968847352,0.0560747663551,0.0654205607477,0.0249221183801,0.0498442367601,0.0373831775701,0.0404984423676,0.0498442367601,0.0498442367601,0.0716510903427,0.0747663551402,0.0,0.01246105919
F23F12.6.1,0.0748792270531,0.012077294686,0.0797101449275,0.0724637681159,0.0265700483092,0.0531400966184,0.012077294686,0.06038647343,0.0555555555556,0.106280193237,0.0265700483092,0.036231884058,0.0555555555556,0.0507246376812,0.0652173913043,0.0555555555556,0.0434782608696,0.0821256038647,0.0024154589372,0.0289855072464
F25B5.7a,0.05871886121,0.00711743772242,0.0427046263345,0.0747330960854,0.0373665480427,0.192170818505,0.0231316725979,0.0231316725979,0.0409252669039,0.0551601423488,0.0355871886121,0.0373665480427,0.108540925267,0.0444839857651,0.0943060498221,0.0462633451957,0.0195729537367,0.0373665480427,0.0017793594306,0.0195729537367
F43B10.2a,0.0321285140562,0.0070281124498,0.0552208835341,0.0672690763052,0.0240963855422,0.0371485943775,0.0291164658635,0.0502008032129,0.0421686746988,0.0502008032129,0.0160642570281,0.0451807228916,0.103413654618,0.070281124498,0.0863453815261,0.100401606426,0.0622489959839,0.0682730923695,0.00502008032129,0.0481927710843
F10C1.7e,0.0762564991334,0.00346620450607,0.0554592720971,0.109185441941,0.0259965337955,0.051993067591,0.0294627383016,0.0623916811092,0.0450606585789,0.0849220103986,0.0103986135182,0.0346620450607,0.0173310225303,0.0693240901213,0.0797227036395,0.0831889081456,0.0589254766031,0.0675909878683,0.0051993067591,0.0294627383016
F01F1.12a.1,0.128415300546,0.0109289617486,0.0437158469945,0.0546448087432,0.0273224043716,0.101092896175,0.0300546448087,0.0491803278689,0.0710382513661,0.114754098361,0.00819672131148,0.0437158469945,0.0300546448087,0.0491803278689,0.0300546448087,0.051912568306,0.0655737704918,0.0601092896175,0.00819672131148,0.0218579234973
F10B5.1.1,0.0747663551402,0.0280373831776,0.0467289719626,0.0514018691589,0.0467289719626,0.0841121495327,0.0327102803738,0.0607476635514,0.0841121495327,0.0514018691589,0.0373831775701,0.0420560747664,0.0467289719626,0.0233644859813,0.126168224299,0.0420560747664,0.0233644859813,0.0560747663551,0.0140186915888,0.0280373831776
F49E12.1,0.0702290076336,0.030534351145,0.0442748091603,0.0473282442748,0.0564885496183,0.0717557251908,0.018320610687,0.0534351145038,0.018320610687,0.0793893129771,0.0274809160305,0.0641221374046,0.0519083969466,0.0519083969466,0.0885496183206,0.0732824427481,0.0580152671756,0.0595419847328,0.00916030534351,0.0259541984733
F29G6.3f,0.047196002221,0.0,0.0521932259856,0.0732926152138,0.023875624653,0.0266518600777,0.11549139367,0.047196002221,0.0694058856191,0.0360910605219,0.00832870627429,0.0372015546918,0.0816213214881,0.0527484730705,0.0388672959467,0.0905052748473,0.0555247084953,0.0966129927818,0.000555247084953,0.046640755136
F23F1.8a,0.0566502463054,0.0147783251232,0.0665024630542,0.0886699507389,0.0369458128079,0.064039408867,0.00985221674877,0.0665024630542,0.0788177339901,0.103448275862,0.0320197044335,0.0344827586207,0.0443349753695,0.0344827586207,0.0788177339901,0.0566502463054,0.0443349753695,0.0714285714286,0.0,0.0172413793103
F26B1.3,0.0772128060264,0.0188323917137,0.0583804143126,0.0866290018832,0.015065913371,0.0489642184557,0.0320150659134,0.0508474576271,0.045197740113,0.111111111111,0.0225988700565,0.0546139359699,0.0282485875706,0.0659133709981,0.0470809792844,0.0772128060264,0.0546139359699,0.0772128060264,0.0131826741996,0.015065913371
E04A4.8,0.0777777777778,0.00555555555556,0.0333333333333,0.0444444444444,0.0444444444444,0.05,0.0444444444444,0.0555555555556,0.1,0.0444444444444,0.0333333333333,0.0444444444444,0.0388888888889,0.0333333333333,0.0888888888889,0.0277777777778,0.0888888888889,0.0888888888889,0.0166666666667,0.0388888888889
F52B5.6.1,0.130136986301,0.0,0.0479452054795,0.0205479452055,0.027397260274,0.0205479452055,0.041095890411,0.0547945205479,0.143835616438,0.0547945205479,0.013698630137,0.0547945205479,0.041095890411,0.0205479452055,0.0684931506849,0.0616438356164,0.0616438356164,0.109589041096,0.0,0.027397260274
K08F4.2,0.0676532769556,0.00211416490486,0.0317124735729,0.0591966173362,0.0443974630021,0.0951374207188,0.0317124735729,0.0443974630021,0.0824524312896,0.0443974630021,0.0169133192389,0.0401691331924,0.0697674418605,0.124735729387,0.0401691331924,0.0655391120507,0.0570824524313,0.0507399577167,0.00422832980973,0.0274841437632
M28.5,0.109375,0.015625,0.0546875,0.0625,0.015625,0.046875,0.0078125,0.0703125,0.09375,0.125,0.03125,0.0546875,0.046875,0.0625,0.03125,0.046875,0.0390625,0.0703125,0.0,0.015625
F54F2.1,0.0603588907015,0.0171288743883,0.0783034257749,0.0603588907015,0.036704730832,0.0856443719413,0.0285481239804,0.0432300163132,0.0701468189233,0.0660685154976,0.0138662316476,0.057911908646,0.0522022838499,0.0391517128874,0.047308319739,0.0660685154976,0.0546492659054,0.0766721044046,0.0089722675367,0.036704730832
F52E4.1a.1,0.100746268657,0.00932835820896,0.0615671641791,0.0578358208955,0.0541044776119,0.0858208955224,0.0261194029851,0.0615671641791,0.0559701492537,0.0708955223881,0.0298507462687,0.0429104477612,0.0466417910448,0.0186567164179,0.0522388059701,0.0503731343284,0.0578358208955,0.0876865671642,0.00559701492537,0.0242537313433
K02B2.5.1,0.0769230769231,0.00854700854701,0.042735042735,0.0512820512821,0.00854700854701,0.0854700854701,0.025641025641,0.025641025641,0.205128205128,0.0769230769231,0.017094017094,0.017094017094,0.0512820512821,0.025641025641,0.034188034188,0.0512820512821,0.042735042735,0.111111111111,0.00854700854701,0.034188034188
F54C9.5,0.112627986348,0.0,0.061433447099,0.0648464163823,0.0273037542662,0.061433447099,0.0273037542662,0.0341296928328,0.112627986348,0.0887372013652,0.0102389078498,0.0341296928328,0.0204778156997,0.0341296928328,0.0819112627986,0.0409556313993,0.0546075085324,0.0682593856655,0.0,0.0648464163823
F55B11.2,0.0727272727273,0.0409090909091,0.05,0.0727272727273,0.0590909090909,0.0363636363636,0.0227272727273,0.0681818181818,0.0772727272727,0.0954545454545,0.0181818181818,0.0590909090909,0.0363636363636,0.0363636363636,0.0272727272727,0.0545454545455,0.0454545454545,0.0772727272727,0.0,0.05
K10B3.10b,0.0896381578947,0.00575657894737,0.0797697368421,0.106907894737,0.0333059210526,0.0448190789474,0.0308388157895,0.0489309210526,0.0707236842105,0.102796052632,0.0185032894737,0.046875,0.0152138157895,0.0826480263158,0.0719572368421,0.0481085526316,0.03125,0.0365953947368,0.0160361842105,0.0193256578947
M03A8.1,0.112385321101,0.00229357798165,0.0573394495413,0.0412844036697,0.0321100917431,0.0963302752294,0.0137614678899,0.0550458715596,0.0894495412844,0.0756880733945,0.0229357798165,0.0481651376147,0.0183486238532,0.0275229357798,0.0229357798165,0.0963302752294,0.0573394495413,0.0871559633028,0.00917431192661,0.0344036697248
H06I04.4a.1,0.0920245398773,0.0368098159509,0.0429447852761,0.0736196319018,0.0184049079755,0.0858895705521,0.0245398773006,0.0429447852761,0.147239263804,0.079754601227,0.0122699386503,0.0306748466258,0.0245398773006,0.0368098159509,0.0552147239264,0.0306748466258,0.0613496932515,0.0674846625767,0.0,0.0368098159509
F57B9.10a,0.0936073059361,0.00913242009132,0.0821917808219,0.0684931506849,0.027397260274,0.0433789954338,0.0159817351598,0.0570776255708,0.0753424657534,0.118721461187,0.0342465753425,0.041095890411,0.0251141552511,0.0547945205479,0.0479452054795,0.0662100456621,0.0456621004566,0.0616438356164,0.00228310502283,0.0296803652968
F58G4.1,0.0851063829787,0.0116514690983,0.0572441742655,0.125126646403,0.0278622087133,0.0430597771023,0.0197568389058,0.0430597771023,0.103343465046,0.10233029382,0.0243161094225,0.0445795339412,0.0141843971631,0.0749746707194,0.0633232016211,0.0547112462006,0.0374873353597,0.0455927051672,0.00709219858156,0.0151975683891
F54H12.6,0.159624413146,0.0,0.0985915492958,0.0798122065728,0.037558685446,0.075117370892,0.00469483568075,0.0657276995305,0.0798122065728,0.0704225352113,0.0140845070423,0.0234741784038,0.0328638497653,0.018779342723,0.018779342723,0.0610328638498,0.0422535211268,0.075117370892,0.018779342723,0.0234741784038
K05B2.3,0.0521739130435,0.00347826086957,0.0591304347826,0.111304347826,0.0173913043478,0.0486956521739,0.0278260869565,0.0626086956522,0.0660869565217,0.095652173913,0.0278260869565,0.0504347826087,0.0104347826087,0.04,0.0921739130435,0.0904347826087,0.064347826087,0.0452173913043,0.00521739130435,0.0295652173913
R06C7.10.1,0.0913312693498,0.00877192982456,0.0603715170279,0.119711042312,0.0278637770898,0.0392156862745,0.0227038183695,0.0567595459236,0.0918472652219,0.0923632610939,0.0211558307534,0.0490196078431,0.015995872033,0.0717234262126,0.0681114551084,0.0510835913313,0.0366357069143,0.0479876160991,0.00877192982456,0.0185758513932
F55B11.4,0.0689655172414,0.0758620689655,0.0344827586207,0.0137931034483,0.0413793103448,0.11724137931,0.0413793103448,0.0551724137931,0.0137931034483,0.0689655172414,0.0275862068966,0.0413793103448,0.0827586206897,0.0620689655172,0.048275862069,0.0551724137931,0.0620689655172,0.0689655172414,0.0,0.0206896551724
JC8.8,0.0434782608696,0.0289855072464,0.0942028985507,0.0652173913043,0.0579710144928,0.0942028985507,0.00724637681159,0.0652173913043,0.0797101449275,0.0942028985507,0.0217391304348,0.036231884058,0.0507246376812,0.0289855072464,0.0507246376812,0.0434782608696,0.0507246376812,0.0579710144928,0.00724637681159,0.0217391304348
F59A2.1b.1,0.0995475113122,0.0147058823529,0.0441176470588,0.0769230769231,0.0509049773756,0.0622171945701,0.012443438914,0.0384615384615,0.0871040723982,0.0531674208145,0.0226244343891,0.0452488687783,0.0712669683258,0.0565610859729,0.0226244343891,0.0893665158371,0.0780542986425,0.0565610859729,0.00565610859729,0.012443438914
F55B11.3.1,0.0562770562771,0.038961038961,0.0562770562771,0.0952380952381,0.034632034632,0.025974025974,0.025974025974,0.034632034632,0.0865800865801,0.112554112554,0.034632034632,0.012987012987,0.04329004329,0.021645021645,0.025974025974,0.0952380952381,0.0606060606061,0.0909090909091,0.004329004329,0.04329004329
K01G5.4,0.0744186046512,0.0139534883721,0.0883720930233,0.046511627907,0.0511627906977,0.0790697674419,0.0232558139535,0.046511627907,0.0883720930233,0.0837209302326,0.0232558139535,0.0511627906977,0.0511627906977,0.0279069767442,0.046511627907,0.0139534883721,0.0558139534884,0.0837209302326,0.0139534883721,0.0372093023256
M117.2a.1,0.108870967742,0.00806451612903,0.0725806451613,0.112903225806,0.0201612903226,0.0362903225806,0.00806451612903,0.0362903225806,0.0806451612903,0.104838709677,0.0241935483871,0.0403225806452,0.0120967741935,0.0725806451613,0.0443548387097,0.0604838709677,0.0362903225806,0.0685483870968,0.00806451612903,0.0443548387097
F55C5.5,0.0981012658228,0.00949367088608,0.0506329113924,0.0696202531646,0.0348101265823,0.0696202531646,0.0158227848101,0.0411392405063,0.0696202531646,0.0981012658228,0.0253164556962,0.0474683544304,0.0316455696203,0.0379746835443,0.0443037974684,0.113924050633,0.0537974683544,0.0696202531646,0.00632911392405,0.0126582278481
F53G12.10.1,0.0819672131148,0.00409836065574,0.0327868852459,0.0614754098361,0.0409836065574,0.0573770491803,0.0286885245902,0.0532786885246,0.118852459016,0.0819672131148,0.00819672131148,0.0737704918033,0.0532786885246,0.0450819672131,0.0737704918033,0.00409836065574,0.0573770491803,0.077868852459,0.0122950819672,0.0327868852459
M01F1.2.1,0.108910891089,0.00990099009901,0.019801980198,0.039603960396,0.039603960396,0.0693069306931,0.029702970297,0.0544554455446,0.128712871287,0.0891089108911,0.019801980198,0.049504950495,0.0346534653465,0.0445544554455,0.0891089108911,0.0445544554455,0.0148514851485,0.0693069306931,0.00990099009901,0.0346534653465
R05D11.3,0.0375939849624,0.0,0.0827067669173,0.0375939849624,0.0751879699248,0.0827067669173,0.015037593985,0.0751879699248,0.0451127819549,0.0751879699248,0.0300751879699,0.0601503759398,0.0451127819549,0.0827067669173,0.0375939849624,0.0751879699248,0.0451127819549,0.0451127819549,0.0,0.0526315789474
K01C8.10.1,0.112962962963,0.0148148148148,0.0592592592593,0.062962962963,0.012962962963,0.0592592592593,0.0185185185185,0.0796296296296,0.0703703703704,0.0907407407407,0.0351851851852,0.0518518518519,0.037037037037,0.0388888888889,0.0425925925926,0.0648148148148,0.05,0.0796296296296,0.0037037037037,0.0148148148148
M01E11.5.1,0.0905660377358,0.00754716981132,0.0867924528302,0.0830188679245,0.022641509434,0.0641509433962,0.011320754717,0.0490566037736,0.120754716981,0.0679245283019,0.00754716981132,0.0264150943396,0.0264150943396,0.0415094339623,0.0603773584906,0.0943396226415,0.0528301886792,0.0641509433962,0.00754716981132,0.0150943396226
K07A1.12,0.0671462829736,0.0119904076739,0.0935251798561,0.0719424460432,0.031175059952,0.0551558752998,0.0503597122302,0.0551558752998,0.0503597122302,0.0767386091127,0.0143884892086,0.0575539568345,0.0431654676259,0.0335731414868,0.0359712230216,0.0743405275779,0.0503597122302,0.0719424460432,0.031175059952,0.0239808153477
LLC1.3a,0.0949494949495,0.0181818181818,0.0363636363636,0.0606060606061,0.0343434343434,0.109090909091,0.0222222222222,0.0565656565657,0.0666666666667,0.0767676767677,0.0242424242424,0.0545454545455,0.0383838383838,0.0444444444444,0.0323232323232,0.0525252525253,0.0565656565657,0.0989898989899,0.0040404040404,0.0181818181818
K07E3.4a,0.096875,0.0109375,0.0578125,0.05625,0.0375,0.0890625,0.0203125,0.06875,0.0640625,0.09375,0.021875,0.0390625,0.053125,0.0296875,0.0453125,0.05,0.0703125,0.071875,0.0046875,0.01875
F56A3.4.1,0.067612687813,0.00584307178631,0.0567612687813,0.114357262104,0.0233722871452,0.042570951586,0.0200333889816,0.0517529215359,0.0818030050083,0.102671118531,0.0383973288815,0.0575959933222,0.0217028380634,0.0584307178631,0.050918196995,0.0968280467446,0.050918196995,0.0442404006678,0.00333889816361,0.0108514190317
K02F2.2.1,0.100686498856,0.0160183066362,0.0549199084668,0.0594965675057,0.0228832951945,0.0823798627002,0.0228832951945,0.0572082379863,0.0732265446224,0.0983981693364,0.0228832951945,0.0411899313501,0.0434782608696,0.0366132723112,0.025171624714,0.0411899313501,0.070938215103,0.0800915331808,0.0114416475973,0.0389016018307
R06F6.9.1,0.114285714286,0.0103896103896,0.0441558441558,0.0649350649351,0.0363636363636,0.0649350649351,0.012987012987,0.0493506493506,0.0883116883117,0.0909090909091,0.025974025974,0.0571428571429,0.0415584415584,0.0493506493506,0.0311688311688,0.0597402597403,0.0571428571429,0.0649350649351,0.00519480519481,0.0311688311688
T01C3.7.1,0.0625,0.00568181818182,0.0454545454545,0.0511363636364,0.0426136363636,0.238636363636,0.0227272727273,0.03125,0.0539772727273,0.0426136363636,0.0170454545455,0.0284090909091,0.0454545454545,0.0113636363636,0.102272727273,0.0511363636364,0.0227272727273,0.0994318181818,0.00284090909091,0.0227272727273
R05F9.10,0.13649851632,0.0148367952522,0.0474777448071,0.080118694362,0.026706231454,0.0682492581602,0.00593471810089,0.0326409495549,0.0445103857567,0.0919881305638,0.053412462908,0.0623145400593,0.0830860534125,0.0682492581602,0.0385756676558,0.0741839762611,0.0178041543027,0.0207715133531,0.00296735905045,0.0296735905045
R07G3.3b,0.0890790135883,0.00251635631605,0.0674383492703,0.127327629592,0.0161046804227,0.0281831907398,0.0110719677906,0.0352289884248,0.0613990941117,0.0946149974836,0.0226472068445,0.0583794665325,0.0342224458983,0.0699547055863,0.0729743331656,0.0790135883241,0.0624056366381,0.0578761952693,0.00150981378963,0.00805234021137
F53A2.7.1,0.131979695431,0.010152284264,0.0406091370558,0.0558375634518,0.0355329949239,0.119289340102,0.0203045685279,0.0659898477157,0.0736040609137,0.0812182741117,0.0177664974619,0.0380710659898,0.0304568527919,0.0329949238579,0.0406091370558,0.0583756345178,0.0355329949239,0.0888324873096,0.00507614213198,0.0177664974619
R151.3.1,0.0506912442396,0.0,0.0230414746544,0.0276497695853,0.0599078341014,0.0829493087558,0.0322580645161,0.0506912442396,0.142857142857,0.10599078341,0.00921658986175,0.036866359447,0.0552995391705,0.036866359447,0.0645161290323,0.0599078341014,0.073732718894,0.0691244239631,0.0,0.0184331797235
R107.7.1,0.0721153846154,0.00480769230769,0.0625,0.0817307692308,0.0384615384615,0.0673076923077,0.0384615384615,0.0721153846154,0.0721153846154,0.115384615385,0.0192307692308,0.0528846153846,0.0480769230769,0.0240384615385,0.0480769230769,0.0192307692308,0.0528846153846,0.0432692307692,0.00480769230769,0.0625
R13H4.2a,0.0355555555556,0.00444444444444,0.0755555555556,0.00888888888889,0.0222222222222,0.0177777777778,0.0133333333333,0.00444444444444,0.0355555555556,0.0755555555556,0.0177777777778,0.0355555555556,0.0533333333333,0.0177777777778,0.111111111111,0.128888888889,0.08,0.0311111111111,0.0488888888889,0.182222222222
F53B3.6,0.0342679127726,0.00934579439252,0.0903426791277,0.0436137071651,0.0467289719626,0.102803738318,0.0436137071651,0.0311526479751,0.0155763239875,0.018691588785,0.01246105919,0.0311526479751,0.0934579439252,0.0623052959502,0.140186915888,0.0903426791277,0.0218068535826,0.0467289719626,0.00623052959502,0.0591900311526
R07H5.8,0.102339181287,0.0263157894737,0.046783625731,0.0672514619883,0.0643274853801,0.0672514619883,0.0233918128655,0.0584795321637,0.0760233918129,0.0818713450292,0.00877192982456,0.0497076023392,0.046783625731,0.0438596491228,0.0175438596491,0.0409356725146,0.0730994152047,0.0760233918129,0.00877192982456,0.0204678362573
R12E2.3,0.0497237569061,0.00828729281768,0.085635359116,0.0718232044199,0.0193370165746,0.0524861878453,0.0414364640884,0.0497237569061,0.113259668508,0.0883977900552,0.0220994475138,0.0469613259669,0.0469613259669,0.0414364640884,0.0220994475138,0.0497237569061,0.0524861878453,0.104972375691,0.00552486187845,0.0276243093923
F52D10.3a.1,0.104838709677,0.00806451612903,0.0887096774194,0.0967741935484,0.0282258064516,0.0403225806452,0.00403225806452,0.0362903225806,0.0887096774194,0.100806451613,0.0282258064516,0.0483870967742,0.0161290322581,0.0483870967742,0.0483870967742,0.0725806451613,0.0403225806452,0.0524193548387,0.00806451612903,0.0403225806452
F54F7.3,0.0582010582011,0.042328042328,0.0529100529101,0.0529100529101,0.0582010582011,0.021164021164,0.021164021164,0.0952380952381,0.0846560846561,0.100529100529,0.015873015873,0.0846560846561,0.015873015873,0.031746031746,0.021164021164,0.0952380952381,0.0634920634921,0.0529100529101,0.0,0.031746031746
M18.2,0.0444444444444,0.0444444444444,0.0666666666667,0.1,0.0444444444444,0.0555555555556,0.0222222222222,0.0666666666667,0.111111111111,0.0444444444444,0.0555555555556,0.0333333333333,0.0111111111111,0.0222222222222,0.0444444444444,0.0444444444444,0.0222222222222,0.111111111111,0.0111111111111,0.0444444444444
R12H7.2,0.0585585585586,0.0202702702703,0.0563063063063,0.0585585585586,0.0608108108108,0.0968468468468,0.018018018018,0.0630630630631,0.0653153153153,0.0765765765766,0.0225225225225,0.0337837837838,0.0495495495495,0.0472972972973,0.0405405405405,0.0675675675676,0.0495495495495,0.0675675675676,0.00900900900901,0.0382882882883
K08C7.3f,0.0654104979812,0.0562584118439,0.064333781965,0.0742934051144,0.0395693135935,0.0745625841184,0.0218034993271,0.0449528936743,0.0602960969044,0.0605652759085,0.01399730821,0.0557200538358,0.0465679676985,0.0398384925976,0.0438761776581,0.0745625841184,0.0659488559892,0.0613728129206,0.00726783310902,0.028802153432
K03H1.4.1,0.0675675675676,0.027027027027,0.0608108108108,0.0472972972973,0.0405405405405,0.114864864865,0.0135135135135,0.0472972972973,0.0878378378378,0.0743243243243,0.0202702702703,0.0337837837838,0.0405405405405,0.0135135135135,0.0337837837838,0.108108108108,0.0540540540541,0.0810810810811,0.0,0.0337837837838
F54A3.3,0.073664825046,0.0165745856354,0.060773480663,0.0755064456722,0.00920810313076,0.0681399631676,0.0165745856354,0.0994475138122,0.0791896869245,0.0791896869245,0.0386740331492,0.0349907918969,0.0276243093923,0.0478821362799,0.060773480663,0.0423572744015,0.0662983425414,0.0791896869245,0.00920810313076,0.0147329650092
K08E3.5b,0.0421455938697,0.00766283524904,0.0613026819923,0.0574712643678,0.044061302682,0.0651340996169,0.0229885057471,0.0536398467433,0.0747126436782,0.124521072797,0.0210727969349,0.0613026819923,0.044061302682,0.0249042145594,0.0421455938697,0.0862068965517,0.0593869731801,0.0766283524904,0.0095785440613,0.0210727969349
K11C4.3c,0.0782459157352,0.00859845227859,0.0799656061909,0.104041272571,0.0266552020636,0.0417024935512,0.0296646603611,0.0460017196905,0.0726569217541,0.116079105761,0.0227858985383,0.0442820292347,0.0227858985383,0.0662080825451,0.0705073086844,0.0524505588994,0.0378331900258,0.042562338779,0.0146173688736,0.0223559759243
R10E4.4.1,0.0790513833992,0.0131752305665,0.0619235836627,0.0606060606061,0.0395256916996,0.064558629776,0.0223978919631,0.0711462450593,0.0711462450593,0.0790513833992,0.0276679841897,0.0316205533597,0.0421607378129,0.0487483530962,0.0671936758893,0.0527009222661,0.064558629776,0.0737812911726,0.00131752305665,0.0276679841897
R09E12.3,0.11875,0.021875,0.06875,0.10625,0.0375,0.03125,0.015625,0.040625,0.1,0.078125,0.03125,0.053125,0.034375,0.04375,0.071875,0.0375,0.01875,0.046875,0.00625,0.0375
F54D8.3a.1,0.113725490196,0.00980392156863,0.0549019607843,0.0509803921569,0.0411764705882,0.0941176470588,0.0196078431373,0.0588235294118,0.0705882352941,0.0686274509804,0.0254901960784,0.0509803921569,0.043137254902,0.0411764705882,0.0352941176471,0.0411764705882,0.0607843137255,0.0823529411765,0.00980392156863,0.0274509803922
T02G5.9b,0.0654362416107,0.00838926174497,0.0671140939597,0.0755033557047,0.0553691275168,0.0553691275168,0.0318791946309,0.0587248322148,0.0570469798658,0.0939597315436,0.0302013422819,0.0419463087248,0.0536912751678,0.0268456375839,0.0687919463087,0.0486577181208,0.0704697986577,0.0587248322148,0.00335570469799,0.0285234899329
R05H5.3,0.0536912751678,0.0134228187919,0.0738255033557,0.114093959732,0.0604026845638,0.0604026845638,0.0201342281879,0.0469798657718,0.0604026845638,0.0872483221477,0.0201342281879,0.0201342281879,0.0604026845638,0.0402684563758,0.0604026845638,0.0402684563758,0.0469798657718,0.0671140939597,0.0268456375839,0.0268456375839
F52B10.1,0.0723382577687,0.00713194090678,0.0611309220581,0.129393785023,0.0275089149261,0.0351502801834,0.0213958227203,0.0504330106979,0.0764136525726,0.107997962303,0.0254712175242,0.0560366785532,0.014773306164,0.0769230769231,0.0871115639328,0.048395313296,0.0341314314824,0.047376464595,0.00458481915436,0.0163015792155
F52E1.7a.1,0.0134228187919,0.0,0.0805369127517,0.0738255033557,0.0604026845638,0.0469798657718,0.0335570469799,0.0604026845638,0.0671140939597,0.0402684563758,0.0201342281879,0.0805369127517,0.0671140939597,0.0604026845638,0.0738255033557,0.0402684563758,0.0402684563758,0.10067114094,0.00671140939597,0.0335570469799
F56D2.1.1,0.123142250531,0.0,0.0530785562633,0.0636942675159,0.036093418259,0.067940552017,0.0339702760085,0.031847133758,0.0445859872611,0.0912951167728,0.0169851380042,0.0594479830149,0.0191082802548,0.0467091295117,0.0552016985138,0.0700636942675,0.0573248407643,0.0870488322718,0.0127388535032,0.0297239915074
K11H12.2,0.0686274509804,0.00490196078431,0.0196078431373,0.0343137254902,0.0245098039216,0.0833333333333,0.0343137254902,0.0245098039216,0.112745098039,0.0588235294118,0.00980392156863,0.0343137254902,0.0392156862745,0.0441176470588,0.156862745098,0.0490196078431,0.0490196078431,0.0735294117647,0.0294117647059,0.0490196078431
R01H2.6,0.0718954248366,0.0196078431373,0.0392156862745,0.124183006536,0.0457516339869,0.0326797385621,0.0326797385621,0.0392156862745,0.124183006536,0.0718954248366,0.0261437908497,0.0457516339869,0.0849673202614,0.0196078431373,0.0326797385621,0.0196078431373,0.0653594771242,0.0653594771242,0.0130718954248,0.0261437908497
K07D4.3,0.0673076923077,0.00641025641026,0.0576923076923,0.0512820512821,0.025641025641,0.0737179487179,0.0288461538462,0.0416666666667,0.0673076923077,0.102564102564,0.0576923076923,0.0576923076923,0.0384615384615,0.0576923076923,0.0320512820513,0.0673076923077,0.0448717948718,0.0865384615385,0.00961538461538,0.025641025641
H14A12.2a,0.111776447106,0.0059880239521,0.0379241516966,0.061876247505,0.0359281437126,0.0838323353293,0.0259481037924,0.0518962075848,0.059880239521,0.0898203592814,0.0319361277445,0.0578842315369,0.0459081836327,0.0359281437126,0.0419161676647,0.0578842315369,0.0658682634731,0.0838323353293,0.00399201596806,0.00998003992016
F58D5.1a.1,0.0785597381342,0.00818330605565,0.0589198036007,0.0834697217676,0.037643207856,0.150572831424,0.0163666121113,0.0458265139116,0.0834697217676,0.0490998363339,0.0245499181669,0.0441898527005,0.0556464811784,0.0196399345336,0.0474631751227,0.0392798690671,0.0474631751227,0.0605564648118,0.00981996726678,0.0392798690671
R04E5.10a,0.0660869565217,0.00347826086957,0.064347826087,0.0904347826087,0.024347826087,0.0226086956522,0.04,0.0730434782609,0.0817391304348,0.0852173913043,0.0173913043478,0.0521739130435,0.015652173913,0.0347826086957,0.0852173913043,0.0991304347826,0.0626086956522,0.0452173913043,0.00695652173913,0.0295652173913
K10B3.8.1,0.105571847507,0.0058651026393,0.0703812316716,0.0351906158358,0.0351906158358,0.0850439882698,0.0263929618768,0.0703812316716,0.0733137829912,0.0557184750733,0.0175953079179,0.049853372434,0.0439882697947,0.0175953079179,0.0293255131965,0.0733137829912,0.058651026393,0.105571847507,0.00879765395894,0.0322580645161
R10E12.1b.1,0.0918367346939,0.00453514739229,0.0498866213152,0.0600907029478,0.0374149659864,0.0498866213152,0.0136054421769,0.0396825396825,0.0612244897959,0.0873015873016,0.0328798185941,0.0430839002268,0.0634920634921,0.0963718820862,0.0419501133787,0.078231292517,0.0612244897959,0.0510204081633,0.00793650793651,0.0283446712018
R05D3.7,0.0773006134969,0.00736196319018,0.0503067484663,0.106748466258,0.0220858895706,0.0539877300613,0.0196319018405,0.0503067484663,0.080981595092,0.0871165644172,0.0233128834356,0.0515337423313,0.0319018404908,0.0588957055215,0.0638036809816,0.0662576687117,0.0515337423313,0.0699386503067,0.00368098159509,0.0233128834356
T18D3.4,0.103235747304,0.00873138161274,0.0590652285568,0.121212121212,0.0282485875706,0.040061633282,0.020030816641,0.0436569080637,0.0996404725218,0.100154083205,0.0179763739086,0.045197740113,0.0143810991269,0.0683102208526,0.0667693888033,0.0498202362609,0.0395480225989,0.0477657935285,0.00821777092964,0.0179763739086
W03F11.1a,0.0510638297872,0.0595744680851,0.0468085106383,0.0340425531915,0.0510638297872,0.068085106383,0.0297872340426,0.0297872340426,0.0425531914894,0.0340425531915,0.0170212765957,0.0340425531915,0.0978723404255,0.0510638297872,0.068085106383,0.0340425531915,0.123404255319,0.0340425531915,0.0255319148936,0.068085106383
Y37E3.9,0.130909090909,0.0,0.04,0.0727272727273,0.0327272727273,0.0690909090909,0.0145454545455,0.0690909090909,0.0509090909091,0.101818181818,0.0181818181818,0.0436363636364,0.0290909090909,0.0618181818182,0.0618181818182,0.04,0.0581818181818,0.0836363636364,0.00363636363636,0.0181818181818
T21B10.7.1,0.109640831758,0.0132325141777,0.0604914933837,0.0793950850662,0.0226843100189,0.0775047258979,0.0189035916824,0.0775047258979,0.0718336483932,0.103969754253,0.0245746691871,0.0340264650284,0.0245746691871,0.0378071833648,0.0491493383743,0.0661625708885,0.0396975425331,0.0793950850662,0.0,0.00945179584121
T27E9.1a.1,0.123333333333,0.01,0.0633333333333,0.0233333333333,0.0733333333333,0.09,0.0,0.07,0.0933333333333,0.0833333333333,0.0333333333333,0.03,0.02,0.0333333333333,0.05,0.05,0.04,0.0666666666667,0.0133333333333,0.0333333333333
T19H12.2,0.0666666666667,0.0177777777778,0.115555555556,0.115555555556,0.0222222222222,0.0844444444444,0.0,0.0311111111111,0.0622222222222,0.133333333333,0.0311111111111,0.0444444444444,0.04,0.00888888888889,0.0311111111111,0.0711111111111,0.0488888888889,0.0533333333333,0.0,0.0222222222222
T10F2.1a,0.0862533692722,0.0148247978437,0.0606469002695,0.0754716981132,0.05525606469,0.0512129380054,0.0175202156334,0.05525606469,0.0849056603774,0.0970350404313,0.0242587601078,0.0309973045822,0.0431266846361,0.0458221024259,0.0579514824798,0.0579514824798,0.0471698113208,0.0592991913747,0.00808625336927,0.0269541778976
T23G11.3.1,0.0561555075594,0.00647948164147,0.0431965442765,0.0518358531317,0.0410367170626,0.0496760259179,0.0151187904968,0.036717062635,0.0475161987041,0.0928725701944,0.0345572354212,0.0453563714903,0.0993520518359,0.0259179265659,0.0518358531317,0.138228941685,0.0820734341253,0.0539956803456,0.00647948164147,0.0215982721382
Y48E1B.9a,0.0529100529101,0.021164021164,0.047619047619,0.0793650793651,0.0740740740741,0.0529100529101,0.015873015873,0.0687830687831,0.0634920634921,0.0687830687831,0.026455026455,0.0529100529101,0.021164021164,0.047619047619,0.0529100529101,0.0846560846561,0.0899470899471,0.0529100529101,0.021164021164,0.00529100529101
W01B11.3,0.102669404517,0.0102669404517,0.0595482546201,0.104722792608,0.0246406570842,0.041067761807,0.0246406570842,0.0595482546201,0.123203285421,0.104722792608,0.0225872689938,0.0431211498973,0.0225872689938,0.0225872689938,0.0369609856263,0.0677618069815,0.0492813141684,0.0492813141684,0.00616016427105,0.0246406570842
T27E4.3,0.027972027972,0.0,0.0769230769231,0.0839160839161,0.0629370629371,0.041958041958,0.034965034965,0.0769230769231,0.0909090909091,0.0839160839161,0.020979020979,0.0629370629371,0.041958041958,0.027972027972,0.034965034965,0.132867132867,0.020979020979,0.0559440559441,0.00699300699301,0.013986013986
VW02B12L.3.1,0.130434782609,0.00334448160535,0.0501672240803,0.103678929766,0.0334448160535,0.0334448160535,0.0133779264214,0.0234113712375,0.0735785953177,0.0769230769231,0.0167224080268,0.0535117056856,0.0635451505017,0.0234113712375,0.0401337792642,0.0602006688963,0.0769230769231,0.0802675585284,0.0167224080268,0.0267558528428
Y37E11AL.7a,0.0566037735849,0.0485175202156,0.0673854447439,0.0646900269542,0.0404312668464,0.0754716981132,0.0377358490566,0.0485175202156,0.0727762803235,0.0566037735849,0.0161725067385,0.0431266846361,0.0646900269542,0.0296495956873,0.0566037735849,0.0458221024259,0.0539083557951,0.0754716981132,0.0134770889488,0.0323450134771
W01F3.2,0.0456026058632,0.00651465798046,0.0684039087948,0.0521172638436,0.0488599348534,0.0814332247557,0.0228013029316,0.0553745928339,0.0488599348534,0.071661237785,0.00977198697068,0.0456026058632,0.0521172638436,0.0293159609121,0.0651465798046,0.0912052117264,0.0912052117264,0.0586319218241,0.0195439739414,0.0358306188925
T14G11.3,0.0927835051546,0.00294550810015,0.0559646539028,0.0839469808542,0.0176730486009,0.0441826215022,0.0265095729013,0.0500736377025,0.0751104565538,0.107511045655,0.00736377025037,0.060382916053,0.0427098674521,0.0648011782032,0.060382916053,0.0633284241532,0.0382916053019,0.079528718704,0.00736377025037,0.019145802651
Y105E8A.6,0.0657142857143,0.0171428571429,0.0742857142857,0.0828571428571,0.02,0.04,0.0285714285714,0.0428571428571,0.0485714285714,0.06,0.0257142857143,0.04,0.0542857142857,0.08,0.0914285714286,0.0685714285714,0.0742857142857,0.04,0.00857142857143,0.0371428571429
Y48G8AL.8,0.101604278075,0.0106951871658,0.0427807486631,0.0641711229947,0.0320855614973,0.048128342246,0.0534759358289,0.0374331550802,0.096256684492,0.0695187165775,0.0213903743316,0.0427807486631,0.0427807486631,0.0374331550802,0.106951871658,0.0534759358289,0.0427807486631,0.0641711229947,0.0106951871658,0.0213903743316
T05C12.7,0.116575591985,0.0127504553734,0.0673952641166,0.0655737704918,0.0182149362477,0.0655737704918,0.016393442623,0.0692167577413,0.0765027322404,0.112932604736,0.016393442623,0.0291438979964,0.0218579234973,0.0309653916211,0.0473588342441,0.0728597449909,0.0546448087432,0.0928961748634,0.00182149362477,0.0109289617486
T24B8.1a.1,0.044776119403,0.0,0.0373134328358,0.044776119403,0.0223880597015,0.0820895522388,0.0298507462687,0.044776119403,0.119402985075,0.0671641791045,0.0373134328358,0.044776119403,0.0298507462687,0.0223880597015,0.134328358209,0.0597014925373,0.044776119403,0.0970149253731,0.00746268656716,0.0298507462687
Y47D3A.26b,0.0602696272799,0.00237906423473,0.0666137985726,0.111816019033,0.0325138778747,0.035685963521,0.0166534496431,0.0547184773989,0.10547184774,0.0856463124504,0.0245836637589,0.0515463917526,0.0158604282316,0.0594766058684,0.071371927042,0.0618556701031,0.0547184773989,0.0594766058684,0.000793021411578,0.0285487708168
Y24D9A.4a,0.105660377358,0.00377358490566,0.0339622641509,0.0566037735849,0.022641509434,0.0339622641509,0.022641509434,0.0528301886792,0.124528301887,0.0830188679245,0.00754716981132,0.0528301886792,0.0490566037736,0.0452830188679,0.101886792453,0.0377358490566,0.0528301886792,0.0905660377358,0.00754716981132,0.0150943396226
Y49E10.1,0.0817307692308,0.00480769230769,0.0600961538462,0.0817307692308,0.0264423076923,0.0600961538462,0.0216346153846,0.0600961538462,0.0961538461538,0.0865384615385,0.0432692307692,0.0288461538462,0.0456730769231,0.0408653846154,0.0576923076923,0.0673076923077,0.0408653846154,0.0817307692308,0.00240384615385,0.0120192307692
Y37E3.17b,0.0776583034648,0.00836320191159,0.0657108721625,0.0609318996416,0.0358422939068,0.089605734767,0.0250896057348,0.0585424133811,0.0597371565114,0.0860215053763,0.0167264038232,0.0334528076464,0.0406212664277,0.0203106332139,0.063321385902,0.078853046595,0.0597371565114,0.0669056152927,0.0143369175627,0.0382317801673
Y23H5A.7a,0.0583058305831,0.019801980198,0.0572057205721,0.0803080308031,0.0572057205721,0.04400440044,0.035203520352,0.04400440044,0.103410341034,0.0924092409241,0.020902090209,0.042904290429,0.035203520352,0.037403740374,0.0550055005501,0.0682068206821,0.039603960396,0.0649064906491,0.01100110011,0.03300330033
T08G11.1a,0.0722291407223,0.00778331257783,0.0563511830635,0.0800124533001,0.0395392278954,0.0579078455791,0.0174346201743,0.0619551681196,0.079701120797,0.0874844333748,0.0283312577833,0.0401618929016,0.0432752179328,0.0398505603985,0.0451432129514,0.0728518057285,0.0516811955168,0.0831257783313,0.0112079701121,0.0239726027397
Y37E3.10a,0.0789473684211,0.0146198830409,0.125730994152,0.116959064327,0.0292397660819,0.0497076023392,0.00877192982456,0.0760233918129,0.0994152046784,0.0584795321637,0.0175438596491,0.0350877192982,0.0175438596491,0.0263157894737,0.0614035087719,0.046783625731,0.0409356725146,0.0672514619883,0.00292397660819,0.0263157894737
W09C5.6a,0.0491803278689,0.016393442623,0.0491803278689,0.0655737704918,0.0245901639344,0.0327868852459,0.0245901639344,0.0819672131148,0.114754098361,0.0409836065574,0.016393442623,0.0737704918033,0.0327868852459,0.016393442623,0.106557377049,0.0573770491803,0.0737704918033,0.0819672131148,0.00819672131148,0.0327868852459
Y45F10D.12.1,0.122340425532,0.0,0.0265957446809,0.0478723404255,0.0265957446809,0.063829787234,0.031914893617,0.0372340425532,0.0851063829787,0.0957446808511,0.0106382978723,0.0425531914894,0.0531914893617,0.0212765957447,0.127659574468,0.0585106382979,0.0585106382979,0.063829787234,0.0,0.0265957446809
T05H4.6a,0.0805008944544,0.0107334525939,0.0572450805009,0.0608228980322,0.0590339892665,0.0769230769231,0.0250447227191,0.0644007155635,0.0679785330948,0.0912343470483,0.0232558139535,0.0572450805009,0.0232558139535,0.0322003577818,0.0483005366726,0.0733452593918,0.0554561717352,0.0590339892665,0.00715563506261,0.0268336314848
Y45F10C.4,0.0967741935484,0.0564516129032,0.0403225806452,0.0725806451613,0.0403225806452,0.0161290322581,0.00806451612903,0.0564516129032,0.0887096774194,0.0806451612903,0.0241935483871,0.0725806451613,0.0403225806452,0.0161290322581,0.00806451612903,0.0967741935484,0.0967741935484,0.0645161290323,0.0161290322581,0.00806451612903
T17H7.4d.1,0.0485436893204,0.0,0.0407766990291,0.0592233009709,0.0165048543689,0.0378640776699,0.0543689320388,0.0349514563107,0.0398058252427,0.0456310679612,0.0242718446602,0.0378640776699,0.147572815534,0.0941747572816,0.0864077669903,0.101941747573,0.0407766990291,0.0446601941748,0.00776699029126,0.0368932038835
T05E11.1,0.128571428571,0.0142857142857,0.0380952380952,0.0619047619048,0.0238095238095,0.052380952381,0.0142857142857,0.0571428571429,0.0666666666667,0.0761904761905,0.0190476190476,0.0666666666667,0.0380952380952,0.0238095238095,0.0857142857143,0.0666666666667,0.0333333333333,0.1,0.0142857142857,0.0190476190476
W06H8.1b,0.0610778443114,0.00479041916168,0.0670658682635,0.107784431138,0.0419161676647,0.0574850299401,0.0203592814371,0.0550898203593,0.0850299401198,0.0838323353293,0.022754491018,0.037125748503,0.0562874251497,0.0395209580838,0.051497005988,0.0730538922156,0.0455089820359,0.0670658682635,0.00718562874251,0.0155688622754
W08E3.3a.1,0.0784810126582,0.0126582278481,0.073417721519,0.0759493670886,0.0556962025316,0.0683544303797,0.0177215189873,0.0556962025316,0.113924050633,0.0962025316456,0.0101265822785,0.0455696202532,0.0430379746835,0.0329113924051,0.0303797468354,0.0303797468354,0.0455696202532,0.0784810126582,0.0126582278481,0.0227848101266
T05F1.3,0.0958904109589,0.00684931506849,0.0547945205479,0.0342465753425,0.0342465753425,0.0821917808219,0.0342465753425,0.041095890411,0.123287671233,0.0753424657534,0.00684931506849,0.027397260274,0.041095890411,0.0479452054795,0.0753424657534,0.0684931506849,0.041095890411,0.0684931506849,0.0205479452055,0.0205479452055
T25G12.5,0.135922330097,0.0194174757282,0.0533980582524,0.0533980582524,0.0461165048544,0.0873786407767,0.00728155339806,0.0582524271845,0.0582524271845,0.0606796116505,0.0364077669903,0.0436893203883,0.0339805825243,0.0339805825243,0.0509708737864,0.0436893203883,0.0703883495146,0.0631067961165,0.00728155339806,0.0364077669903
Y41E3.10b,0.075,0.0136363636364,0.0545454545455,0.0681818181818,0.0522727272727,0.075,0.0318181818182,0.0545454545455,0.0727272727273,0.120454545455,0.0136363636364,0.0522727272727,0.0363636363636,0.0295454545455,0.05,0.0909090909091,0.0272727272727,0.0477272727273,0.00909090909091,0.025
T08B2.10.1,0.0384615384615,0.00769230769231,0.0615384615385,0.0692307692308,0.0153846153846,0.0538461538462,0.0153846153846,0.0769230769231,0.1,0.0538461538462,0.0384615384615,0.0615384615385,0.0384615384615,0.0230769230769,0.1,0.0615384615385,0.0769230769231,0.0769230769231,0.0,0.0307692307692
T12E12.4b.1,0.063202247191,0.00842696629213,0.0533707865169,0.0730337078652,0.0294943820225,0.0505617977528,0.0168539325843,0.0660112359551,0.0463483146067,0.116573033708,0.0238764044944,0.0519662921348,0.0435393258427,0.0660112359551,0.0716292134831,0.0575842696629,0.060393258427,0.0842696629213,0.00280898876404,0.0140449438202
Y32G9A.8a.1,0.0921052631579,0.0230263157895,0.0625,0.0592105263158,0.0394736842105,0.0592105263158,0.0197368421053,0.0723684210526,0.0592105263158,0.0822368421053,0.0131578947368,0.0328947368421,0.0493421052632,0.0526315789474,0.0460526315789,0.0460526315789,0.0559210526316,0.0756578947368,0.0164473684211,0.0427631578947
W03F8.5a,0.0804469273743,0.0698324022346,0.0625698324022,0.0871508379888,0.022905027933,0.0765363128492,0.0245810055866,0.0491620111732,0.0564245810056,0.0675977653631,0.0111731843575,0.0558659217877,0.0351955307263,0.0513966480447,0.0530726256983,0.0553072625698,0.0558659217877,0.0463687150838,0.0072625698324,0.0312849162011
W03C9.3.1,0.0956937799043,0.0239234449761,0.0765550239234,0.0430622009569,0.0574162679426,0.0526315789474,0.00478468899522,0.0430622009569,0.0478468899522,0.0813397129187,0.00956937799043,0.066985645933,0.0334928229665,0.0717703349282,0.066985645933,0.0765550239234,0.0478468899522,0.0622009569378,0.0143540669856,0.0239234449761
Y49A3A.5,0.0625,0.0208333333333,0.046875,0.0625,0.078125,0.130208333333,0.0260416666667,0.0416666666667,0.0729166666667,0.0572916666667,0.03125,0.0416666666667,0.0416666666667,0.03125,0.0416666666667,0.0677083333333,0.0625,0.0729166666667,0.00520833333333,0.00520833333333
W05H9.1a,0.0966183574879,0.0024154589372,0.0579710144928,0.125603864734,0.0217391304348,0.024154589372,0.0024154589372,0.0531400966184,0.130434782609,0.0917874396135,0.0048309178744,0.0314009661836,0.0314009661836,0.1038647343,0.0434782608696,0.0410628019324,0.0410628019324,0.0700483091787,0.00966183574879,0.0169082125604
T24H7.1.1,0.115646258503,0.00340136054422,0.0340136054422,0.0612244897959,0.030612244898,0.0714285714286,0.0136054421769,0.0680272108844,0.0646258503401,0.0918367346939,0.0272108843537,0.0442176870748,0.0340136054422,0.0714285714286,0.0714285714286,0.047619047619,0.0408163265306,0.0714285714286,0.00680272108844,0.030612244898
Y22D7AL.5a.1,0.0985915492958,0.00528169014085,0.0616197183099,0.0774647887324,0.0158450704225,0.109154929577,0.00176056338028,0.0739436619718,0.0862676056338,0.0845070422535,0.0228873239437,0.0422535211268,0.0228873239437,0.0281690140845,0.0387323943662,0.044014084507,0.0704225352113,0.0985915492958,0.00176056338028,0.0158450704225
Y38C1AA.2,0.0698602794411,0.0159680638723,0.0538922155689,0.0818363273453,0.0518962075848,0.0578842315369,0.0279441117764,0.0558882235529,0.0798403193613,0.0938123752495,0.0339321357285,0.0558882235529,0.0339321357285,0.0199600798403,0.0439121756487,0.0878243512974,0.0439121756487,0.0698602794411,0.00199600798403,0.0199600798403
Y105E8A.16.1,0.0683760683761,0.017094017094,0.042735042735,0.0683760683761,0.017094017094,0.042735042735,0.034188034188,0.102564102564,0.0854700854701,0.0769230769231,0.025641025641,0.042735042735,0.0512820512821,0.034188034188,0.0854700854701,0.042735042735,0.0854700854701,0.0683760683761,0.00854700854701,0.0
W09H1.6b.1,0.0350877192982,0.0,0.0631578947368,0.0771929824561,0.0666666666667,0.080701754386,0.0456140350877,0.0701754385965,0.0701754385965,0.0736842105263,0.00350877192982,0.059649122807,0.0456140350877,0.0385964912281,0.0561403508772,0.080701754386,0.0210526315789,0.0666666666667,0.0140350877193,0.0315789473684
T20H4.3a.1,0.0808950086059,0.0189328743546,0.0499139414802,0.0929432013769,0.0413080895009,0.0619621342513,0.0206540447504,0.0447504302926,0.104991394148,0.0705679862306,0.0172117039587,0.0361445783133,0.0464716006885,0.0430292598967,0.039586919105,0.0533562822719,0.0550774526678,0.0688468158348,0.0223752151463,0.0309810671256
Y22F5A.4.1,0.0906040268456,0.00671140939597,0.0503355704698,0.0268456375839,0.0570469798658,0.0738255033557,0.00335570469799,0.0570469798658,0.0402684563758,0.0637583892617,0.010067114094,0.0637583892617,0.0369127516779,0.0503355704698,0.0302013422819,0.0939597315436,0.0805369127517,0.104026845638,0.0201342281879,0.0402684563758
T23F11.1.1,0.0786516853933,0.0308988764045,0.0842696629213,0.0870786516854,0.0421348314607,0.0758426966292,0.0224719101124,0.0365168539326,0.0505617977528,0.0674157303371,0.0224719101124,0.0561797752809,0.0393258426966,0.0505617977528,0.0393258426966,0.0561797752809,0.0477528089888,0.0926966292135,0.00842696629213,0.0112359550562
T21D12.4,0.056,0.00266666666667,0.0613333333333,0.0906666666667,0.0373333333333,0.0506666666667,0.0373333333333,0.048,0.0746666666667,0.136,0.00533333333333,0.0346666666667,0.0346666666667,0.0746666666667,0.056,0.0373333333333,0.0506666666667,0.0853333333333,0.008,0.0186666666667
Y22D7AR.10,0.0289855072464,0.115942028986,0.0579710144928,0.0289855072464,0.0724637681159,0.0869565217391,0.0144927536232,0.0579710144928,0.0289855072464,0.101449275362,0.0434782608696,0.0289855072464,0.0869565217391,0.0144927536232,0.0434782608696,0.0869565217391,0.0434782608696,0.0144927536232,0.0289855072464,0.0144927536232
W09C5.8,0.0971428571429,0.0114285714286,0.04,0.08,0.0342857142857,0.0628571428571,0.0114285714286,0.0342857142857,0.0685714285714,0.108571428571,0.0114285714286,0.0342857142857,0.0514285714286,0.04,0.0628571428571,0.04,0.04,0.0628571428571,0.0285714285714,0.08
Y17G7B.17.1,0.0511945392491,0.0,0.0477815699659,0.0682593856655,0.0409556313993,0.139931740614,0.0238907849829,0.0341296928328,0.0238907849829,0.037542662116,0.0819112627986,0.0341296928328,0.0580204778157,0.0546075085324,0.105802047782,0.126279863481,0.0307167235495,0.0341296928328,0.0,0.00682593856655
T25F10.6a.1,0.0886699507389,0.0,0.064039408867,0.0788177339901,0.0369458128079,0.100985221675,0.0147783251232,0.0394088669951,0.0591133004926,0.0295566502463,0.0369458128079,0.0418719211823,0.0665024630542,0.0714285714286,0.0566502463054,0.0665024630542,0.0689655172414,0.0492610837438,0.00985221674877,0.0197044334975
Y38A10A.5.1,0.0708860759494,0.0101265822785,0.111392405063,0.141772151899,0.0354430379747,0.0556962025316,0.0227848101266,0.0556962025316,0.124050632911,0.0481012658228,0.0126582278481,0.0278481012658,0.0481012658228,0.0227848101266,0.0227848101266,0.0430379746835,0.0405063291139,0.0430379746835,0.0278481012658,0.0354430379747
T22D1.9,0.109072375127,0.0112130479103,0.0581039755352,0.0611620795107,0.0224260958206,0.0550458715596,0.0275229357798,0.0519877675841,0.0560652395515,0.12130479103,0.0336391437309,0.0356778797146,0.0570846075433,0.0377166156983,0.0448521916412,0.0662589194699,0.059123343527,0.059123343527,0.00611620795107,0.026503567788
Y106G6H.3a,0.104347826087,0.0173913043478,0.0260869565217,0.0434782608696,0.00869565217391,0.0695652173913,0.0173913043478,0.0608695652174,0.0869565217391,0.104347826087,0.0347826086957,0.0782608695652,0.0434782608696,0.0260869565217,0.0347826086957,0.0695652173913,0.0608695652174,0.0695652173913,0.0,0.0434782608696
Y43F8B.1d,0.154711673699,0.0014064697609,0.0239099859353,0.0857946554149,0.0056258790436,0.0337552742616,0.014064697609,0.0323488045007,0.0857946554149,0.0351617440225,0.0126582278481,0.0210970464135,0.0661040787623,0.209563994374,0.0351617440225,0.0407876230661,0.0492264416315,0.070323488045,0.0154711673699,0.0070323488045
Y37D8A.19,0.178217821782,0.0990099009901,0.029702970297,0.00990099009901,0.0594059405941,0.0693069306931,0.0,0.049504950495,0.00990099009901,0.039603960396,0.00990099009901,0.0891089108911,0.039603960396,0.019801980198,0.0594059405941,0.118811881188,0.039603960396,0.0693069306931,0.00990099009901,0.0
T14G12.3,0.0497512437811,0.00995024875622,0.0796019900498,0.0149253731343,0.044776119403,0.044776119403,0.0248756218905,0.0248756218905,0.0398009950249,0.0696517412935,0.00497512437811,0.044776119403,0.0746268656716,0.0149253731343,0.119402985075,0.0696517412935,0.0746268656716,0.0398009950249,0.0497512437811,0.10447761194
Y37E3.8a,0.0620689655172,0.0206896551724,0.0206896551724,0.0344827586207,0.0344827586207,0.131034482759,0.0896551724138,0.0344827586207,0.110344827586,0.0758620689655,0.0137931034483,0.0344827586207,0.048275862069,0.0275862068966,0.0827586206897,0.0275862068966,0.0344827586207,0.0827586206897,0.00689655172414,0.0275862068966
Y45F10C.2,0.0598290598291,0.0683760683761,0.00854700854701,0.0598290598291,0.042735042735,0.042735042735,0.0,0.042735042735,0.0512820512821,0.0683760683761,0.017094017094,0.0683760683761,0.025641025641,0.0683760683761,0.0,0.119658119658,0.102564102564,0.0854700854701,0.0,0.0683760683761
Y18D10A.20,0.151515151515,0.00757575757576,0.0378787878788,0.0833333333333,0.0454545454545,0.0681818181818,0.00757575757576,0.0454545454545,0.0681818181818,0.0378787878788,0.0227272727273,0.0530303030303,0.030303030303,0.0227272727273,0.030303030303,0.0530303030303,0.0681818181818,0.113636363636,0.0151515151515,0.0378787878788
T09B4.9,0.0588235294118,0.00941176470588,0.0635294117647,0.101176470588,0.0305882352941,0.0352941176471,0.0282352941176,0.0588235294118,0.103529411765,0.0705882352941,0.04,0.0494117647059,0.0235294117647,0.0447058823529,0.0517647058824,0.0564705882353,0.0541176470588,0.0776470588235,0.0164705882353,0.0258823529412
T21B10.2c.1,0.10752688172,0.00645161290323,0.0645161290323,0.0559139784946,0.0387096774194,0.101075268817,0.0236559139785,0.058064516129,0.0731182795699,0.0860215053763,0.0215053763441,0.047311827957,0.0344086021505,0.0322580645161,0.0322580645161,0.0688172043011,0.0451612903226,0.0709677419355,0.00860215053763,0.0236559139785
T09F3.3.1,0.099706744868,0.00879765395894,0.0762463343109,0.0263929618768,0.0381231671554,0.0879765395894,0.0205278592375,0.0615835777126,0.0791788856305,0.049853372434,0.0205278592375,0.0469208211144,0.0410557184751,0.0205278592375,0.0263929618768,0.0703812316716,0.0645161290323,0.120234604106,0.00879765395894,0.0322580645161
Y40B10A.1a,0.0723684210526,0.0263157894737,0.0526315789474,0.0723684210526,0.0460526315789,0.0789473684211,0.0131578947368,0.0526315789474,0.0921052631579,0.0592105263158,0.0197368421053,0.0657894736842,0.0131578947368,0.0131578947368,0.0394736842105,0.0657894736842,0.0855263157895,0.0789473684211,0.0263157894737,0.0263157894737
Y49A3A.2.1,0.0874587458746,0.013201320132,0.0544554455446,0.0759075907591,0.036303630363,0.0858085808581,0.00825082508251,0.0627062706271,0.0544554455446,0.0841584158416,0.0313531353135,0.0280528052805,0.0445544554455,0.029702970297,0.049504950495,0.0709570957096,0.0561056105611,0.0775577557756,0.00990099009901,0.039603960396
W10G6.3,0.0550774526678,0.00172117039587,0.0567986230637,0.113597246127,0.025817555938,0.0481927710843,0.0103270223752,0.0516351118761,0.0740103270224,0.0981067125645,0.0223752151463,0.0636833046472,0.0172117039587,0.065404475043,0.0860585197935,0.0688468158348,0.0619621342513,0.0499139414802,0.00344234079174,0.025817555938
T27E4.2,0.0551724137931,0.00689655172414,0.0551724137931,0.0896551724138,0.0413793103448,0.0551724137931,0.0206896551724,0.0620689655172,0.0689655172414,0.0758620689655,0.0275862068966,0.0413793103448,0.0551724137931,0.0758620689655,0.048275862069,0.110344827586,0.0275862068966,0.0620689655172,0.0,0.0206896551724
Y105E8B.1a,0.105633802817,0.0,0.0633802816901,0.218309859155,0.00704225352113,0.0140845070423,0.00704225352113,0.0246478873239,0.0950704225352,0.102112676056,0.0246478873239,0.0281690140845,0.0,0.0492957746479,0.0845070422535,0.0492957746479,0.0492957746479,0.0633802816901,0.0,0.0140845070423
T21G5.3,0.0681520314548,0.0288335517693,0.0445609436435,0.0720838794233,0.0537352555701,0.186107470511,0.0144167758847,0.0445609436435,0.0498034076016,0.0393184796855,0.0249017038008,0.0498034076016,0.040629095675,0.0340760157274,0.0498034076016,0.0707732634338,0.0589777195282,0.0419397116645,0.00393184796855,0.0235910878113
T10B5.5a.1,0.100934579439,0.0205607476636,0.0635514018692,0.0616822429907,0.0299065420561,0.0766355140187,0.0168224299065,0.0766355140187,0.0691588785047,0.0990654205607,0.0280373831776,0.0448598130841,0.0280373831776,0.0467289719626,0.0467289719626,0.0542056074766,0.0448598130841,0.0710280373832,0.00934579439252,0.011214953271
Y54E2A.11a.1,0.071724137931,0.0165517241379,0.0744827586207,0.0813793103448,0.0579310344828,0.0579310344828,0.0193103448276,0.0427586206897,0.08,0.0744827586207,0.0124137931034,0.0372413793103,0.048275862069,0.0386206896552,0.0565517241379,0.0537931034483,0.0565517241379,0.0662068965517,0.0248275862069,0.0289655172414
Y55F3BR.6b,0.0592885375494,0.0,0.0434782608696,0.0513833992095,0.0237154150198,0.0592885375494,0.0197628458498,0.0632411067194,0.0513833992095,0.0513833992095,0.0197628458498,0.0671936758893,0.0632411067194,0.0355731225296,0.0513833992095,0.138339920949,0.102766798419,0.0671936758893,0.0,0.0316205533597
Y71G12B.11a,0.114766940854,0.0117508813161,0.0528789659224,0.0775558166863,0.0168429298864,0.0564042303173,0.0278104191148,0.045045045045,0.0477869173521,0.0849980415198,0.0238934586761,0.0415197806502,0.0242851547199,0.0685468076772,0.0626713670192,0.0838229533882,0.0614962788876,0.0763807285546,0.00430865648257,0.0172346259303
Y51A2D.9a,0.0496453900709,0.0283687943262,0.063829787234,0.0283687943262,0.0354609929078,0.0992907801418,0.0212765957447,0.0851063829787,0.113475177305,0.0780141843972,0.0141843971631,0.0496453900709,0.0354609929078,0.0212765957447,0.0283687943262,0.0496453900709,0.0780141843972,0.0921985815603,0.0,0.0283687943262
Y55F3AR.3a,0.129562043796,0.014598540146,0.0565693430657,0.0802919708029,0.0273722627737,0.0656934306569,0.0182481751825,0.0821167883212,0.0802919708029,0.0638686131387,0.0328467153285,0.0492700729927,0.0273722627737,0.036496350365,0.0419708029197,0.0328467153285,0.0638686131387,0.0729927007299,0.00182481751825,0.021897810219
ZK632.1a,0.0777777777778,0.020987654321,0.0814814814815,0.0802469135802,0.0345679012346,0.0469135802469,0.020987654321,0.0604938271605,0.0703703703704,0.083950617284,0.0246913580247,0.041975308642,0.0271604938272,0.0481481481481,0.0543209876543,0.062962962963,0.0530864197531,0.0802469135802,0.0037037037037,0.0259259259259
ZK1055.1,0.08,0.00406779661017,0.0542372881356,0.15186440678,0.0169491525424,0.0162711864407,0.0142372881356,0.0413559322034,0.0650847457627,0.114576271186,0.0284745762712,0.0494915254237,0.0169491525424,0.088813559322,0.0447457627119,0.105084745763,0.0508474576271,0.0515254237288,0.00203389830508,0.00338983050847
Y65B4BR.5b,0.0761421319797,0.00507614213198,0.0761421319797,0.121827411168,0.0253807106599,0.0406091370558,0.010152284264,0.0710659898477,0.10152284264,0.0609137055838,0.0203045685279,0.0456852791878,0.0253807106599,0.0558375634518,0.0507614213198,0.0710659898477,0.0659898477157,0.0710659898477,0.0,0.00507614213198
ZK1058.2,0.0655129789864,0.0692212608158,0.0679851668727,0.0729295426452,0.0309023485785,0.0642768850433,0.0135970333745,0.0482076637824,0.0642768850433,0.0766378244747,0.0210135970334,0.0568603213844,0.053152039555,0.0284301606922,0.0482076637824,0.0519159456119,0.0580964153276,0.0630407911001,0.00988875154512,0.0358467243511
ZC395.10.1,0.0742857142857,0.0,0.108571428571,0.125714285714,0.0342857142857,0.114285714286,0.0171428571429,0.0285714285714,0.0857142857143,0.0685714285714,0.0285714285714,0.0342857142857,0.0285714285714,0.04,0.0228571428571,0.04,0.0514285714286,0.0514285714286,0.0285714285714,0.0171428571429
Y67D8C.10b.1,0.0842787682334,0.0129659643436,0.0502431118314,0.0615883306321,0.032414910859,0.0753646677472,0.017017828201,0.0696920583468,0.0510534846029,0.0810372771475,0.0267423014587,0.0413290113452,0.0461912479741,0.0397082658023,0.0470016207455,0.0737439222042,0.0721231766613,0.0810372771475,0.0121555915721,0.0243111831442
Y54G11A.6.1,0.0603621730382,0.0120724346076,0.0704225352113,0.0603621730382,0.0684104627767,0.0684104627767,0.0382293762575,0.0402414486922,0.0603621730382,0.0503018108652,0.0342052313883,0.0583501006036,0.0663983903421,0.0402414486922,0.0603621730382,0.0402414486922,0.056338028169,0.0583501006036,0.0120724346076,0.0442655935614
Y67H2A.6b,0.0858468677494,0.00696055684455,0.0626450116009,0.0835266821346,0.0371229698376,0.0556844547564,0.0278422273782,0.0324825986079,0.0649651972158,0.0974477958237,0.0348027842227,0.046403712297,0.046403712297,0.0556844547564,0.0533642691415,0.07656612529,0.0533642691415,0.0556844547564,0.00696055684455,0.0162412993039
ZK836.2a.1,0.0801317233809,0.0109769484083,0.0482985729967,0.0867178924259,0.0548847420417,0.0724478594951,0.03951701427,0.0493962678375,0.0472008781559,0.0834248079034,0.0230515916575,0.0450054884742,0.046103183315,0.0384193194292,0.0658616904501,0.059275521405,0.0450054884742,0.0702524698134,0.0164654226125,0.0175631174533
ZK892.1f,0.0504451038576,0.00296735905045,0.053412462908,0.0741839762611,0.053412462908,0.080118694362,0.0326409495549,0.0741839762611,0.0860534124629,0.0623145400593,0.00890207715134,0.0712166172107,0.0563798219585,0.026706231454,0.0652818991098,0.0504451038576,0.0474777448071,0.0682492581602,0.00890207715134,0.026706231454
Y57G11C.16,0.038961038961,0.012987012987,0.0584415584416,0.038961038961,0.0324675324675,0.0909090909091,0.0324675324675,0.0649350649351,0.116883116883,0.0714285714286,0.025974025974,0.0519480519481,0.025974025974,0.038961038961,0.103896103896,0.025974025974,0.0649350649351,0.0714285714286,0.012987012987,0.0194805194805
Y59A8A.3,0.12426035503,0.00443786982249,0.0384615384615,0.12426035503,0.0162721893491,0.0266272189349,0.0221893491124,0.0399408284024,0.119822485207,0.0961538461538,0.0147928994083,0.0488165680473,0.0399408284024,0.0798816568047,0.0369822485207,0.0576923076923,0.042899408284,0.0473372781065,0.00739644970414,0.0118343195266
Y62H9A.5,0.0848484848485,0.0181818181818,0.0909090909091,0.030303030303,0.030303030303,0.0909090909091,0.0363636363636,0.0484848484848,0.0666666666667,0.0484848484848,0.0181818181818,0.0242424242424,0.0424242424242,0.0121212121212,0.0787878787879,0.0848484848485,0.0484848484848,0.0606060606061,0.0121212121212,0.0727272727273
Y54G9A.6,0.069970845481,0.0116618075802,0.0524781341108,0.0583090379009,0.0524781341108,0.0758017492711,0.0291545189504,0.0583090379009,0.0612244897959,0.0612244897959,0.0204081632653,0.0349854227405,0.0495626822157,0.0349854227405,0.0524781341108,0.0874635568513,0.0612244897959,0.0816326530612,0.0116618075802,0.0349854227405
ZK1058.1,0.114247311828,0.00940860215054,0.0564516129032,0.0672043010753,0.0349462365591,0.0779569892473,0.0134408602151,0.0631720430108,0.0564516129032,0.0752688172043,0.0403225806452,0.0349462365591,0.0443548387097,0.0416666666667,0.0591397849462,0.0604838709677,0.0510752688172,0.0604838709677,0.00940860215054,0.0295698924731
ZC373.2,0.0961538461538,0.105769230769,0.0576923076923,0.00961538461538,0.0769230769231,0.0961538461538,0.0,0.0480769230769,0.0192307692308,0.0384615384615,0.00961538461538,0.0576923076923,0.0288461538462,0.0288461538462,0.0865384615385,0.0865384615385,0.105769230769,0.0384615384615,0.0,0.00961538461538
ZC434.5.1,0.11227154047,0.00522193211488,0.0731070496084,0.0583115752829,0.0243690165361,0.0609225413403,0.0191470844212,0.0539599651871,0.11227154047,0.0870322019147,0.0156657963446,0.0348128807659,0.0557006092254,0.0391644908616,0.029590948651,0.0678851174935,0.0548302872063,0.0609225413403,0.00870322019147,0.0261096605744
ZK652.4.1,0.105691056911,0.00813008130081,0.0325203252033,0.0406504065041,0.0162601626016,0.0243902439024,0.0162601626016,0.0406504065041,0.178861788618,0.121951219512,0.00813008130081,0.0243902439024,0.00813008130081,0.0650406504065,0.113821138211,0.0569105691057,0.0650406504065,0.0569105691057,0.0,0.0162601626016
ZK1010.1,0.046875,0.0390625,0.046875,0.0625,0.015625,0.0546875,0.015625,0.0859375,0.1328125,0.109375,0.0078125,0.03125,0.0390625,0.0703125,0.078125,0.0546875,0.0546875,0.03125,0.0,0.0234375
Y92C3B.2a,0.0625,0.0181451612903,0.0766129032258,0.070564516129,0.0403225806452,0.0967741935484,0.0100806451613,0.0362903225806,0.0423387096774,0.0665322580645,0.0262096774194,0.0504032258065,0.054435483871,0.0584677419355,0.0987903225806,0.0625,0.0463709677419,0.054435483871,0.00201612903226,0.0262096774194
Y51H4A.3a,0.078125,0.03125,0.078125,0.0729166666667,0.0364583333333,0.046875,0.00520833333333,0.0677083333333,0.0989583333333,0.078125,0.0208333333333,0.0208333333333,0.0625,0.0520833333333,0.046875,0.0416666666667,0.0416666666667,0.0833333333333,0.0104166666667,0.0260416666667
ZK973.6,0.10637799883,0.00304271503803,0.0984201287303,0.105090696314,0.0139262726741,0.0168519602106,0.0152135751902,0.0540667056758,0.0871854885898,0.11679344646,0.00784084259801,0.0509069631363,0.0410766530135,0.0545348156817,0.0480983031012,0.0619075482738,0.0400234055003,0.0648332358104,0.00479812755998,0.00901111761264
ZC477.9d,0.101834862385,0.0137614678899,0.0678899082569,0.0596330275229,0.0146788990826,0.0467889908257,0.0311926605505,0.0522935779817,0.0357798165138,0.094495412844,0.0284403669725,0.0550458715596,0.0596330275229,0.0532110091743,0.0798165137615,0.0724770642202,0.045871559633,0.0642201834862,0.00733944954128,0.0155963302752
Y71A12B.1a,0.0691056910569,0.00813008130081,0.0569105691057,0.0569105691057,0.0284552845528,0.0691056910569,0.0243902439024,0.0569105691057,0.146341463415,0.0853658536585,0.020325203252,0.0284552845528,0.0284552845528,0.0325203252033,0.0934959349593,0.0609756097561,0.0447154471545,0.0569105691057,0.00406504065041,0.0284552845528
Y53G8AL.2,0.0719257540603,0.0092807424594,0.030162412993,0.0672853828306,0.0580046403712,0.092807424594,0.0208816705336,0.0371229698376,0.0626450116009,0.07656612529,0.0232018561485,0.0348027842227,0.0510440835267,0.0394431554524,0.0603248259861,0.0696055684455,0.0487238979118,0.0835266821346,0.00696055684455,0.0556844547564
Y57G11B.5,0.0933333333333,0.0355555555556,0.0533333333333,0.0844444444444,0.0755555555556,0.0355555555556,0.0133333333333,0.0444444444444,0.0888888888889,0.0711111111111,0.0355555555556,0.0355555555556,0.0355555555556,0.0444444444444,0.0266666666667,0.0711111111111,0.0488888888889,0.0755555555556,0.0,0.0311111111111
ZC434.8.1,0.0694444444444,0.0138888888889,0.0555555555556,0.075,0.0388888888889,0.0777777777778,0.025,0.0583333333333,0.0972222222222,0.1,0.025,0.05,0.0388888888889,0.0277777777778,0.0444444444444,0.0527777777778,0.0611111111111,0.0472222222222,0.00833333333333,0.0333333333333
Y75B12B.5,0.0462427745665,0.0231213872832,0.0520231213873,0.0520231213873,0.0693641618497,0.150289017341,0.0231213872832,0.0520231213873,0.0924855491329,0.0462427745665,0.028901734104,0.0520231213873,0.0404624277457,0.0231213872832,0.0346820809249,0.0635838150289,0.0520231213873,0.0809248554913,0.00578034682081,0.0115606936416
