"KR4of4.orf","KR4of4.position","KR4of4.name"
"2RSSE.1b",465,"2RSSE.1b_465"
"AC8.10",253,"AC8.10_253"
"AC8.3",253,"AC8.3_253"
"AH10.4",31,"AH10.4_31"
"AH6.14",136,"AH6.14_136"
"AH6.3",24,"AH6.3_24"
"AH6.3",110,"AH6.3_110"
"B0001.1a",193,"B0001.1a_193"
"B0019.1",141,"B0019.1_141"
"B0024.11",139,"B0024.11_139"
"B0025.4",144,"B0025.4_144"
"B0034.3a",880,"B0034.3a_880"
"B0035.11",412,"B0035.11_412"
"B0035.16",209,"B0035.16_209"
"B0035.5",481,"B0035.5_481"
"B0035.8",25,"B0035.8_25"
"B0041.11.1",23,"B0041.11.1_23"
"B0041.2d",311,"B0041.2d_311"
"B0041.7.1",57,"B0041.7.1_57"
"B0041.7.1",119,"B0041.7.1_119"
"B0041.7.1",247,"B0041.7.1_247"
"B0041.7.1",278,"B0041.7.1_278"
"B0041.7.1",305,"B0041.7.1_305"
"B0041.7.1",372,"B0041.7.1_372"
"B0041.7.1",398,"B0041.7.1_398"
"B0041.7.1",603,"B0041.7.1_603"
"B0041.7.1",859,"B0041.7.1_859"
"B0041.7.1",876,"B0041.7.1_876"
"B0198.3a.1",487,"B0198.3a.1_487"
"B0205.10.1",257,"B0205.10.1_257"
"B0205.1a",4,"B0205.1a_4"
"B0205.1a",148,"B0205.1a_148"
"B0205.1a",263,"B0205.1a_263"
"B0205.7",73,"B0205.7_73"
"B0205.9",235,"B0205.9_235"
"B0207.1",237,"B0207.1_237"
"B0207.1",252,"B0207.1_252"
"B0207.11",85,"B0207.11_85"
"B0207.12b",350,"B0207.12b_350"
"B0207.5b",3177,"B0207.5b_3177"
"B0207.5b",3298,"B0207.5b_3298"
"B0207.5b",3431,"B0207.5b_3431"
"B0212.2",359,"B0212.2_359"
"B0212.3",387,"B0212.3_387"
"B0212.3",418,"B0212.3_418"
"B0222.11",157,"B0222.11_157"
"B0222.11",188,"B0222.11_188"
"B0228.4c",331,"B0228.4c_331"
"B0228.4c",5410,"B0228.4c_5410"
"B0228.6",45,"B0228.6_45"
"B0228.9",428,"B0228.9_428"
"B0238.9",143,"B0238.9_143"
"B0244.2",364,"B0244.2_364"
"B0244.7",354,"B0244.7_354"
"B0252.5",73,"B0252.5_73"
"B0261.1",696,"B0261.1_696"
"B0261.6a",10,"B0261.6a_10"
"B0261.7",180,"B0261.7_180"
"B0284.2",26,"B0284.2_26"
"B0285.8",146,"B0285.8_146"
"B0286.5",118,"B0286.5_118"
"B0304.3",52,"B0304.3_52"
"B0304.3",311,"B0304.3_311"
"B0334.5",334,"B0334.5_334"
"B0334.8a",265,"B0334.8a_265"
"B0336.3",594,"B0336.3_594"
"B0336.4a",9,"B0336.4a_9"
"B0348.4d",219,"B0348.4d_219"
"B0348.4d",808,"B0348.4d_808"
"B0350.2f.1",1234,"B0350.2f.1_1234"
"B0361.2a",218,"B0361.2a_218"
"B0361.5b",54,"B0361.5b_54"
"B0361.6",37,"B0361.6_37"
"B0365.7",911,"B0365.7_911"
"B0365.7",2112,"B0365.7_2112"
"B0379.3a",229,"B0379.3a_229"
"B0379.7.1",219,"B0379.7.1_219"
"B0393.6",49,"B0393.6_49"
"B0410.2a",359,"B0410.2a_359"
"B0410.3",104,"B0410.3_104"
"B0412.2",231,"B0412.2_231"
"B0414.2.1",280,"B0414.2.1_280"
"B0414.7b",62,"B0414.7b_62"
"B0416.10",11,"B0416.10_11"
"B0416.11",13,"B0416.11_13"
"B0416.1a",831,"B0416.1a_831"
"B0416.3",27,"B0416.3_27"
"B0432.13.1",345,"B0432.13.1_345"
"B0454.6",11,"B0454.6_11"
"B0457.1a",449,"B0457.1a_449"
"B0457.4",31,"B0457.4_31"
"B0462.5",71,"B0462.5_71"
"B0464.2a",942,"B0464.2a_942"
"B0464.2a",976,"B0464.2a_976"
"B0464.2a",988,"B0464.2a_988"
"B0464.5a.1",30,"B0464.5a.1_30"
"B0464.5a.1",611,"B0464.5a.1_611"
"B0496.3e",841,"B0496.3e_841"
"B0496.3e",1666,"B0496.3e_1666"
"B0507.6",519,"B0507.6_519"
"B0511.12a",261,"B0511.12a_261"
"B0511.12a",364,"B0511.12a_364"
"B0511.2",433,"B0511.2_433"
"B0511.6",532,"B0511.6_532"
"B0523.5",435,"B0523.5_435"
"B0524.5",53,"B0524.5_53"
"B0546.2a",7,"B0546.2a_7"
"C01A2.5",18,"C01A2.5_18"
"C01B12.8",122,"C01B12.8_122"
"C01B7.4.1",43,"C01B7.4.1_43"
"C01C10.2b",220,"C01C10.2b_220"
"C01F1.1",86,"C01F1.1_86"
"C01F1.6",285,"C01F1.6_285"
"C01F6.4a",353,"C01F6.4a_353"
"C01G10.11f.1",318,"C01G10.11f.1_318"
"C01G12.13",66,"C01G12.13_66"
"C01G12.8",6,"C01G12.8_6"
"C01G12.9",65,"C01G12.9_65"
"C01G12.9",228,"C01G12.9_228"
"C01G5.4a",843,"C01G5.4a_843"
"C01G5.4a",952,"C01G5.4a_952"
"C01G5.8a",102,"C01G5.8a_102"
"C01G6.5",840,"C01G6.5_840"
"C01G6.9",310,"C01G6.9_310"
"C01G8.5b",295,"C01G8.5b_295"
"C01G8.9c.1",983,"C01G8.9c.1_983"
"C01H6.1",81,"C01H6.1_81"
"C01H6.3",54,"C01H6.3_54"
"C01H6.6",394,"C01H6.6_394"
"C01H6.7a.1",104,"C01H6.7a.1_104"
"C02B4.2",321,"C02B4.2_321"
"C02B8.1.1",99,"C02B8.1.1_99"
"C02B8.12",190,"C02B8.12_190"
"C02C6.2a",517,"C02C6.2a_517"
"C02D4.1",209,"C02D4.1_209"
"C02D4.2e",447,"C02D4.2e_447"
"C02E11.1b",1120,"C02E11.1b_1120"
"C02F12.10a",95,"C02F12.10a_95"
"C02F12.4",432,"C02F12.4_432"
"C02F12.4",458,"C02F12.4_458"
"C02F12.4",484,"C02F12.4_484"
"C02F12.8",548,"C02F12.8_548"
"C02F5.1",6,"C02F5.1_6"
"C02F5.1",687,"C02F5.1_687"
"C02F5.12",364,"C02F5.12_364"
"C02F5.4",312,"C02F5.4_312"
"C02H7.1",169,"C02H7.1_169"
"C03A3.2",77,"C03A3.2_77"
"C03A7.10",202,"C03A7.10_202"
"C03A7.13",314,"C03A7.13_314"
"C03A7.9",203,"C03A7.9_203"
"C03B1.7a",601,"C03B1.7a_601"
"C03B8.4",78,"C03B8.4_78"
"C03B8.4",160,"C03B8.4_160"
"C03B8.4",662,"C03B8.4_662"
"C03D6.1",4,"C03D6.1_4"
"C03D6.8",41,"C03D6.8_41"
"C03F11.4.1",95,"C03F11.4.1_95"
"C04A11.4",149,"C04A11.4_149"
"C04A11.4",698,"C04A11.4_698"
"C04A2.7a.1",521,"C04A2.7a.1_521"
"C04B4.4",185,"C04B4.4_185"
"C04B4.5",221,"C04B4.5_221"
"C04C3.5b",217,"C04C3.5b_217"
"C04D8.1c",1449,"C04D8.1c_1449"
"C04F1.3",258,"C04F1.3_258"
"C04F12.3",492,"C04F12.3_492"
"C04F2.4",132,"C04F2.4_132"
"C04F2.4",313,"C04F2.4_313"
"C04F6.5",175,"C04F6.5_175"
"C04G2.10a",18,"C04G2.10a_18"
"C04G2.10a",69,"C04G2.10a_69"
"C04G2.2",94,"C04G2.2_94"
"C04G2.8.1",80,"C04G2.8.1_80"
"C04G6.10",136,"C04G6.10_136"
"C04G6.3",253,"C04G6.3_253"
"C04H5.6a",112,"C04H5.6a_112"
"C04H5.6a",208,"C04H5.6a_208"
"C05C10.2b",740,"C05C10.2b_740"
"C05C12.1",365,"C05C12.1_365"
"C05C8.2",265,"C05C8.2_265"
"C05C8.5",33,"C05C8.5_33"
"C05D11.13",101,"C05D11.13_101"
"C05D11.13",169,"C05D11.13_169"
"C05D11.7b.1",492,"C05D11.7b.1_492"
"C05D11.9",641,"C05D11.9_641"
"C05D11.9",647,"C05D11.9_647"
"C05D12.4",239,"C05D12.4_239"
"C05E11.6",148,"C05E11.6_148"
"C06A1.1",68,"C06A1.1_68"
"C06A1.6",124,"C06A1.6_124"
"C06A1.7",119,"C06A1.7_119"
"C06A5.2",22,"C06A5.2_22"
"C06A5.3b.1",635,"C06A5.3b.1_635"
"C06A6.2b",125,"C06A6.2b_125"
"C06A8.7",314,"C06A8.7_314"
"C06B3.2",676,"C06B3.2_676"
"C06B3.6.1",54,"C06B3.6.1_54"
"C06B8.7",1877,"C06B8.7_1877"
"C06B8.9",237,"C06B8.9_237"
"C06E1.10",27,"C06E1.10_27"
"C06E1.3",47,"C06E1.3_47"
"C06E1.9",637,"C06E1.9_637"
"C06G3.7a",306,"C06G3.7a_306"
"C06G4.1",417,"C06G4.1_417"
"C06G4.2a.1",92,"C06G4.2a.1_92"
"C06H2.3",80,"C06H2.3_80"
"C06H2.5b",259,"C06H2.5b_259"
"C07A12.5a",4,"C07A12.5a_4"
"C07A12.5a",344,"C07A12.5a_344"
"C07A12.5a",671,"C07A12.5a_671"
"C07A9.10",12,"C07A9.10_12"
"C07A9.11",247,"C07A9.11_247"
"C07A9.3b",536,"C07A9.3b_536"
"C07A9.8",437,"C07A9.8_437"
"C07E3.2",11,"C07E3.2_11"
"C07E3.2",662,"C07E3.2_662"
"C07E3.2",684,"C07E3.2_684"
"C07E3.3b",983,"C07E3.3b_983"
"C07E3.6",302,"C07E3.6_302"
"C07G1.7",12,"C07G1.7_12"
"C07H6.4",508,"C07H6.4_508"
"C07H6.4",811,"C07H6.4_811"
"C07H6.7.1",192,"C07H6.7.1_192"
"C07H6.8.1",319,"C07H6.8.1_319"
"C07H6.8.1",442,"C07H6.8.1_442"
"C08A9.9.1",26,"C08A9.9.1_26"
"C08B11.3",4,"C08B11.3_4"
"C08B6.7b",560,"C08B6.7b_560"
"C08C3.3",144,"C08C3.3_144"
"C08D8.2b",610,"C08D8.2b_610"
"C08F11.9",309,"C08F11.9_309"
"C08F8.2a",37,"C08F8.2a_37"
"C08F8.6",312,"C08F8.6_312"
"C08G9.2",1760,"C08G9.2_1760"
"C08H9.1",370,"C08H9.1_370"
"C08H9.16",47,"C08H9.16_47"
"C09B8.5",74,"C09B8.5_74"
"C09B8.7a",42,"C09B8.7a_42"
"C09B9.2",205,"C09B9.2_205"
"C09B9.7",808,"C09B9.7_808"
"C09D1.1b",1870,"C09D1.1b_1870"
"C09D4.5.1",170,"C09D4.5.1_170"
"C09E7.2",379,"C09E7.2_379"
"C09E7.4.1",48,"C09E7.4.1_48"
"C09E7.4.1",354,"C09E7.4.1_354"
"C09G1.2",604,"C09G1.2_604"
"C09G1.2",941,"C09G1.2_941"
"C09G1.4",345,"C09G1.4_345"
"C09G4.1b",337,"C09G4.1b_337"
"C09G5.4",314,"C09G5.4_314"
"C09G5.6.1",825,"C09G5.6.1_825"
"C09G5.7",69,"C09G5.7_69"
"C09H10.1",123,"C09H10.1_123"
"C09H10.10",171,"C09H10.10_171"
"C09H6.1a",18,"C09H6.1a_18"
"C09H6.1a",923,"C09H6.1a_923"
"C10C6.13",8,"C10C6.13_8"
"C10E2.2",222,"C10E2.2_222"
"C10F3.2",340,"C10F3.2_340"
"C10G11.9",85,"C10G11.9_85"
"C10G8.1",53,"C10G8.1_53"
"C11G6.1a",423,"C11G6.1a_423"
"C11G6.1a",601,"C11G6.1a_601"
"C11G6.1a",897,"C11G6.1a_897"
"C11H1.3",360,"C11H1.3_360"
"C11H1.8",29,"C11H1.8_29"
"C12D8.1b",551,"C12D8.1b_551"
"C13B4.1a",541,"C13B4.1a_541"
"C13D9.6",189,"C13D9.6_189"
"C13D9.7",266,"C13D9.7_266"
"C13D9.8",211,"C13D9.8_211"
"C13F10.5",107,"C13F10.5_107"
"C14A11.2",8,"C14A11.2_8"
"C14A11.3b",867,"C14A11.3b_867"
"C14A11.5",252,"C14A11.5_252"
"C14A4.11",162,"C14A4.11_162"
"C14A4.12a",26,"C14A4.12a_26"
"C14A4.4a",783,"C14A4.4a_783"
"C14A4.4a",809,"C14A4.4a_809"
"C14B1.10.1",465,"C14B1.10.1_465"
"C14B1.2",128,"C14B1.2_128"
"C14B1.6",404,"C14B1.6_404"
"C14B9.4b",129,"C14B9.4b_129"
"C14C11.2.1",298,"C14C11.2.1_298"
"C14C6.1",125,"C14C6.1_125"
"C14C6.9",212,"C14C6.9_212"
"C14E2.11",314,"C14E2.11_314"
"C14F5.3b",440,"C14F5.3b_440"
"C14F5.3b",461,"C14F5.3b_461"
"C15C6.3",355,"C15C6.3_355"
"C15C6.3",422,"C15C6.3_422"
"C15C6.3",485,"C15C6.3_485"
"C15C7.5.1",87,"C15C7.5.1_87"
"C15F1.1",64,"C15F1.1_64"
"C15F1.5a",168,"C15F1.5a_168"
"C15F1.8",4,"C15F1.8_4"
"C15F1.8",137,"C15F1.8_137"
"C15H11.9",101,"C15H11.9_101"
"C15H11.9",234,"C15H11.9_234"
"C15H7.4",213,"C15H7.4_213"
"C16A3.3",863,"C16A3.3_863"
"C16A3.3",976,"C16A3.3_976"
"C16A3.6",297,"C16A3.6_297"
"C16A3.7",131,"C16A3.7_131"
"C16A3.7",560,"C16A3.7_560"
"C16A3.8",212,"C16A3.8_212"
"C16A3.8",1232,"C16A3.8_1232"
"C16A3.8",1300,"C16A3.8_1300"
"C16D6.3",153,"C16D6.3_153"
"C16H3.3a",89,"C16H3.3a_89"
"C17B7.15",141,"C17B7.15_141"
"C17C3.10",27,"C17C3.10_27"
"C17C3.10",104,"C17C3.10_104"
"C17C3.7",27,"C17C3.7_27"
"C17C3.7",104,"C17C3.7_104"
"C17C3.9",3,"C17C3.9_3"
"C17D12.3",128,"C17D12.3_128"
"C17D12.7",65,"C17D12.7_65"
"C17G10.1.1",20,"C17G10.1.1_20"
"C17G10.6a",327,"C17G10.6a_327"
"C17G10.6a",457,"C17G10.6a_457"
"C17H11.2",274,"C17H11.2_274"
"C17H11.4",86,"C17H11.4_86"
"C17H11.6d",429,"C17H11.6d_429"
"C17H12.6a",276,"C17H12.6a_276"
"C17H12.8.1",266,"C17H12.8.1_266"
"C18A3.1",53,"C18A3.1_53"
"C18A3.1",200,"C18A3.1_200"
"C18A3.9",115,"C18A3.9_115"
"C18D11.3.1",70,"C18D11.3.1_70"
"C18D11.3.1",172,"C18D11.3.1_172"
"C18E3.2.1",53,"C18E3.2.1_53"
"C18E9.2a",357,"C18E9.2a_357"
"C18F10.7a",559,"C18F10.7a_559"
"C18G1.2a",190,"C18G1.2a_190"
"C18H2.1",1412,"C18H2.1_1412"
"C18H2.1",1548,"C18H2.1_1548"
"C18H9.3",597,"C18H9.3_597"
"C23G10.3",9,"C23G10.3_9"
"C23G10.4b.1",829,"C23G10.4b.1_829"
"C23H4.6a",26,"C23H4.6a_26"
"C23H4.6a",369,"C23H4.6a_369"
"C23H4.6a",1033,"C23H4.6a_1033"
"C23H5.12",55,"C23H5.12_55"
"C23H5.9",79,"C23H5.9_79"
"C24A8.1",351,"C24A8.1_351"
"C24D10.1",41,"C24D10.1_41"
"C24D10.2.1",40,"C24D10.2.1_40"
"C24F3.4a",388,"C24F3.4a_388"
"C24G7.1",531,"C24G7.1_531"
"C24G7.2",547,"C24G7.2_547"
"C24G7.4",545,"C24G7.4_545"
"C24H12.4a",53,"C24H12.4a_53"
"C24H12.5b",103,"C24H12.5b_103"
"C25A1.10a.1",891,"C25A1.10a.1_891"
"C25A1.10a.1",946,"C25A1.10a.1_946"
"C25A1.11a",54,"C25A1.11a_54"
"C25A1.2.1",130,"C25A1.2.1_130"
"C25A1.3",331,"C25A1.3_331"
"C25A11.10",324,"C25A11.10_324"
"C25A11.4f.1",766,"C25A11.4f.1_766"
"C25A11.4f.1",1004,"C25A11.4f.1_1004"
"C25A11.4f.1",1047,"C25A11.4f.1_1047"
"C25D7.3",1009,"C25D7.3_1009"
"C25D7.6",663,"C25D7.6_663"
"C25F6.2a",286,"C25F6.2a_286"
"C25F9.2",81,"C25F9.2_81"
"C25G4.5",12,"C25G4.5_12"
"C25G4.5",773,"C25G4.5_773"
"C25H3.4.1",546,"C25H3.4.1_546"
"C26B2.1",172,"C26B2.1_172"
"C26B2.2",124,"C26B2.2_124"
"C26C6.10",4,"C26C6.10_4"
"C26C6.1a",4,"C26C6.1a_4"
"C26C6.1a",25,"C26C6.1a_25"
"C26C6.4a",6,"C26C6.4a_6"
"C26C6.5b.1",125,"C26C6.5b.1_125"
"C26D10.1",102,"C26D10.1_102"
"C26D10.4",775,"C26D10.4_775"
"C26D10.5a",608,"C26D10.5a_608"
"C26D10.5a",616,"C26D10.5a_616"
"C26D10.7",248,"C26D10.7_248"
"C26E6.5",70,"C26E6.5_70"
"C26E6.9c",509,"C26E6.9c_509"
"C26E6.9c",806,"C26E6.9c_806"
"C26E6.9c",986,"C26E6.9c_986"
"C26F1.2",290,"C26F1.2_290"
"C26F1.3",24,"C26F1.3_24"
"C26F1.5",279,"C26F1.5_279"
"C26G2.1b",1071,"C26G2.1b_1071"
"C27A12.3",45,"C27A12.3_45"
"C27A2.2a",15,"C27A2.2a_15"
"C27A2.5",136,"C27A2.5_136"
"C27A7.4",336,"C27A7.4_336"
"C27A7.4",927,"C27A7.4_927"
"C27A7.4",1412,"C27A7.4_1412"
"C27B7.1b",69,"C27B7.1b_69"
"C27C12.3",362,"C27C12.3_362"
"C27C12.6",131,"C27C12.6_131"
"C27C7.1",249,"C27C7.1_249"
"C27D11.1",552,"C27D11.1_552"
"C27D11.1",581,"C27D11.1_581"
"C27D11.1",632,"C27D11.1_632"
"C27D11.1",826,"C27D11.1_826"
"C27D8.2",11,"C27D8.2_11"
"C27D8.2",395,"C27D8.2_395"
"C27D8.4",241,"C27D8.4_241"
"C27F2.4",198,"C27F2.4_198"
"C27F2.4",277,"C27F2.4_277"
"C27H6.1a",204,"C27H6.1a_204"
"C28H8.12.1",66,"C28H8.12.1_66"
"C28H8.3",1197,"C28H8.3_1197"
"C28H8.3",1205,"C28H8.3_1205"
"C28H8.9a",25,"C28H8.9a_25"
"C29A12.1",219,"C29A12.1_219"
"C29A12.3a",361,"C29A12.3a_361"
"C29A12.3a",395,"C29A12.3a_395"
"C29A12.3a",737,"C29A12.3a_737"
"C29E4.2",535,"C29E4.2_535"
"C29F5.1",105,"C29F5.1_105"
"C29F7.10",129,"C29F7.10_129"
"C29F7.4a",76,"C29F7.4a_76"
"C29F7.5",76,"C29F7.5_76"
"C29F7.6a",61,"C29F7.6a_61"
"C29F9.4",163,"C29F9.4_163"
"C29H12.5",647,"C29H12.5_647"
"C29H12.6",22,"C29H12.6_22"
"C30A5.4",84,"C30A5.4_84"
"C30F12.2.1",118,"C30F12.2.1_118"
"C30G12.1a",144,"C30G12.1a_144"
"C30G12.6a",906,"C30G12.6a_906"
"C30G4.3",98,"C30G4.3_98"
"C31B8.6a",313,"C31B8.6a_313"
"C31E10.4",61,"C31E10.4_61"
"C32A3.1a",141,"C32A3.1a_141"
"C32D5.10",515,"C32D5.10_515"
"C32D5.5",54,"C32D5.5_54"
"C32E12.4.1",532,"C32E12.4.1_532"
"C32E12.4.1",1020,"C32E12.4.1_1020"
"C32E12.4.1",1231,"C32E12.4.1_1231"
"C32E12.4.1",1413,"C32E12.4.1_1413"
"C32E8.5.1",18,"C32E8.5.1_18"
"C32E8.5.1",59,"C32E8.5.1_59"
"C32F10.4",89,"C32F10.4_89"
"C33B4.3c",660,"C33B4.3c_660"
"C33B4.5",66,"C33B4.5_66"
"C33D12.2a",537,"C33D12.2a_537"
"C33D3.1",285,"C33D3.1_285"
"C33D3.4",18,"C33D3.4_18"
"C33D3.5",231,"C33D3.5_231"
"C33D9.13",107,"C33D9.13_107"
"C33D9.6a",361,"C33D9.6a_361"
"C33E10.6",401,"C33E10.6_401"
"C33F10.5b",522,"C33F10.5b_522"
"C33F10.5b",781,"C33F10.5b_781"
"C33F10.8",58,"C33F10.8_58"
"C33G3.6",248,"C33G3.6_248"
"C33G8.2",145,"C33G8.2_145"
"C33G8.2",164,"C33G8.2_164"
"C33G8.2",199,"C33G8.2_199"
"C33G8.2",260,"C33G8.2_260"
"C33G8.2",316,"C33G8.2_316"
"C33G8.2",337,"C33G8.2_337"
"C33G8.2",369,"C33G8.2_369"
"C33G8.3",98,"C33G8.3_98"
"C33G8.3",119,"C33G8.3_119"
"C33G8.3",134,"C33G8.3_134"
"C33G8.5",212,"C33G8.5_212"
"C33G8.9",117,"C33G8.9_117"
"C33H5.16",4,"C33H5.16_4"
"C33H5.17",295,"C33H5.17_295"
"C33H5.8",20,"C33H5.8_20"
"C34B2.3",65,"C34B2.3_65"
"C34B7.4",78,"C34B7.4_78"
"C34C12.2",167,"C34C12.2_167"
"C34C6.7a",377,"C34C6.7a_377"
"C34D1.2",36,"C34D1.2_36"
"C34D10.2b.1",105,"C34D10.2b.1_105"
"C34D4.1",398,"C34D4.1_398"
"C34D4.14f",2427,"C34D4.14f_2427"
"C34E10.10",218,"C34E10.10_218"
"C34E10.2",300,"C34E10.2_300"
"C34E10.9",67,"C34E10.9_67"
"C34E7.1a.1",241,"C34E7.1a.1_241"
"C34F11.5",16,"C34F11.5_16"
"C34F11.5",38,"C34F11.5_38"
"C34F11.5",59,"C34F11.5_59"
"C34F11.5",75,"C34F11.5_75"
"C34F11.5",504,"C34F11.5_504"
"C34F11.5",581,"C34F11.5_581"
"C34F11.5",666,"C34F11.5_666"
"C34F11.5",751,"C34F11.5_751"
"C34F11.9e",112,"C34F11.9e_112"
"C34F11.9e",551,"C34F11.9e_551"
"C34F6.4",4,"C34F6.4_4"
"C34F6.9",497,"C34F6.9_497"
"C34G6.2",50,"C34G6.2_50"
"C34G6.6b",945,"C34G6.6b_945"
"C35A5.4",9,"C35A5.4_9"
"C35A5.7",243,"C35A5.7_243"
"C35B1.2a",513,"C35B1.2a_513"
"C35B8.3b",167,"C35B8.3b_167"
"C35C5.1.1",2957,"C35C5.1.1_2957"
"C35C5.4a",187,"C35C5.4a_187"
"C35E7.9",24,"C35E7.9_24"
"C36A4.8a",51,"C36A4.8a_51"
"C36A4.8a",140,"C36A4.8a_140"
"C36B1.1d",599,"C36B1.1d_599"
"C36B1.5",65,"C36B1.5_65"
"C36B1.8b",31,"C36B1.8b_31"
"C36B1.8b",296,"C36B1.8b_296"
"C36B7.5b",1101,"C36B7.5b_1101"
"C36C9.2",37,"C36C9.2_37"
"C36C9.4",307,"C36C9.4_307"
"C36C9.5",184,"C36C9.5_184"
"C36E8.4",205,"C36E8.4_205"
"C36F7.5",27,"C36F7.5_27"
"C36F7.5",319,"C36F7.5_319"
"C36H8.1",407,"C36H8.1_407"
"C36H8.2",181,"C36H8.2_181"
"C37A2.4a",68,"C37A2.4a_68"
"C37A2.5b.1",181,"C37A2.5b.1_181"
"C37A2.5b.1",393,"C37A2.5b.1_393"
"C37A2.8a",158,"C37A2.8a_158"
"C37C3.1a",424,"C37C3.1a_424"
"C37C3.1a",448,"C37C3.1a_448"
"C37C3.8c",13,"C37C3.8c_13"
"C37E2.2a",221,"C37E2.2a_221"
"C37H5.5.1",32,"C37H5.5.1_32"
"C37H5.6a",334,"C37H5.6a_334"
"C38C10.3",110,"C38C10.3_110"
"C38D4.3",966,"C38D4.3_966"
"C38D9.8",327,"C38D9.8_327"
"C39D10.5",90,"C39D10.5_90"
"C39E6.4",200,"C39E6.4_200"
"C39E9.12",26,"C39E9.12_26"
"C39E9.12",393,"C39E9.12_393"
"C39H7.4",370,"C39H7.4_370"
"C40A11.5",211,"C40A11.5_211"
"C40C9.5e",715,"C40C9.5e_715"
"C40H1.3",437,"C40H1.3_437"
"C40H1.3",493,"C40H1.3_493"
"C41A3.1a",3359,"C41A3.1a_3359"
"C41A3.2a",54,"C41A3.2a_54"
"C41A3.2a",495,"C41A3.2a_495"
"C41C4.2",362,"C41C4.2_362"
"C41C4.5e.1",800,"C41C4.5e.1_800"
"C41C4.8.1",68,"C41C4.8.1_68"
"C41D11.1e",49,"C41D11.1e_49"
"C41D11.1e",353,"C41D11.1e_353"
"C41D11.3c.1",199,"C41D11.3c.1_199"
"C41D11.3c.1",563,"C41D11.3c.1_563"
"C41G11.1a",411,"C41G11.1a_411"
"C41G6.15",256,"C41G6.15_256"
"C41G6.3",258,"C41G6.3_258"
"C41G6.3",357,"C41G6.3_357"
"C41G6.5",7,"C41G6.5_7"
"C41G6.5",112,"C41G6.5_112"
"C41G7.5a",461,"C41G7.5a_461"
"C41H7.1",80,"C41H7.1_80"
"C41H7.6",243,"C41H7.6_243"
"C42C1.2",385,"C42C1.2_385"
"C42D4.13a",92,"C42D4.13a_92"
"C42D4.8",819,"C42D4.8_819"
"C42D8.8a",645,"C42D8.8a_645"
"C43E11.3a",576,"C43E11.3a_576"
"C43E11.3a",1163,"C43E11.3a_1163"
"C43G2.1a.1",109,"C43G2.1a.1_109"
"C44B12.2a",21,"C44B12.2a_21"
"C44B12.2a",165,"C44B12.2a_165"
"C44B12.4",233,"C44B12.4_233"
"C44B12.9",77,"C44B12.9_77"
"C44B7.3",27,"C44B7.3_27"
"C44B9.4",45,"C44B9.4_45"
"C44B9.5",166,"C44B9.5_166"
"C44C10.12",99,"C44C10.12_99"
"C44C11.1a",204,"C44C11.1a_204"
"C44C3.3",250,"C44C3.3_250"
"C44C8.6.1",336,"C44C8.6.1_336"
"C44E4.1d",1544,"C44E4.1d_1544"
"C44E4.1d",3878,"C44E4.1d_3878"
"C44F1.5.1",436,"C44F1.5.1_436"
"C44H4.7a.1",570,"C44H4.7a.1_570"
"C44H4.7a.1",589,"C44H4.7a.1_589"
"C44H4.7a.1",849,"C44H4.7a.1_849"
"C45B11.5",92,"C45B11.5_92"
"C45G3.1",455,"C45G3.1_455"
"C45G9.4",37,"C45G9.4_37"
"C45G9.4",51,"C45G9.4_51"
"C45G9.9",37,"C45G9.9_37"
"C45G9.9",51,"C45G9.9_51"
"C45H4.1",51,"C45H4.1_51"
"C45H4.11a",269,"C45H4.11a_269"
"C45H4.16",39,"C45H4.16_39"
"C45H4.9",38,"C45H4.9_38"
"C46A5.1",15,"C46A5.1_15"
"C46A5.6",94,"C46A5.6_94"
"C46C2.1n.1",632,"C46C2.1n.1_632"
"C46E10.3",380,"C46E10.3_380"
"C46F11.4.1",85,"C46F11.4.1_85"
"C46F4.1a",247,"C46F4.1a_247"
"C46H11.11e",827,"C46H11.11e_827"
"C46H11.11e",837,"C46H11.11e_837"
"C47A10.1",5,"C47A10.1_5"
"C47D12.1a",2632,"C47D12.1a_2632"
"C47D12.8.1",482,"C47D12.8.1_482"
"C47D12.8.1",512,"C47D12.8.1_512"
"C47E12.10a",42,"C47E12.10a_42"
"C47E12.11a",358,"C47E12.11a_358"
"C47E8.4a.1",160,"C47E8.4a.1_160"
"C47G2.1",336,"C47G2.1_336"
"C48A7.1b",1522,"C48A7.1b_1522"
"C48D1.9a",99,"C48D1.9a_99"
"C48E7.11.1",23,"C48E7.11.1_23"
"C48E7.2.1",199,"C48E7.2.1_199"
"C48E7.3",276,"C48E7.3_276"
"C48G7.3a",647,"C48G7.3a_647"
"C48G7.3a",964,"C48G7.3a_964"
"C49A1.1",159,"C49A1.1_159"
"C49A1.3",402,"C49A1.3_402"
"C49A1.4a",216,"C49A1.4a_216"
"C49C3.1",470,"C49C3.1_470"
"C49C3.15",29,"C49C3.15_29"
"C49C3.5",145,"C49C3.5_145"
"C49C3.6",21,"C49C3.6_21"
"C49C3.7",22,"C49C3.7_22"
"C49C3.8a",156,"C49C3.8a_156"
"C49C8.4.1",21,"C49C8.4.1_21"
"C49F5.2",98,"C49F5.2_98"
"C49F5.6",447,"C49F5.6_447"
"C49G7.10a",79,"C49G7.10a_79"
"C49G7.12a",70,"C49G7.12a_70"
"C49G7.5",78,"C49G7.5_78"
"C49G7.5",219,"C49G7.5_219"
"C49G7.7.1",79,"C49G7.7.1_79"
"C50B6.2",552,"C50B6.2_552"
"C50B6.3b",347,"C50B6.3b_347"
"C50B8.2",302,"C50B8.2_302"
"C50D2.9",75,"C50D2.9_75"
"C50E3.5",82,"C50E3.5_82"
"C50F2.2",222,"C50F2.2_222"
"C50F2.2",990,"C50F2.2_990"
"C50F4.1.1",265,"C50F4.1.1_265"
"C50F4.11",518,"C50F4.11_518"
"C50F4.5",25,"C50F4.5_25"
"C50H11.13",259,"C50H11.13_259"
"C50H2.2a",89,"C50H2.2a_89"
"C50H2.2a",132,"C50H2.2a_132"
"C52A11.2",9,"C52A11.2_9"
"C52B9.2b.1",10,"C52B9.2b.1_10"
"C52B9.2b.1",388,"C52B9.2b.1_388"
"C52B9.3a",419,"C52B9.3a_419"
"C52B9.8",182,"C52B9.8_182"
"C52B9.8",1032,"C52B9.8_1032"
"C52B9.8",1141,"C52B9.8_1141"
"C52E12.2b.1",288,"C52E12.2b.1_288"
"C52E12.6",314,"C52E12.6_314"
"C52E4.6a.1",444,"C52E4.6a.1_444"
"C53D6.10",87,"C53D6.10_87"
"C53D6.6.1",73,"C53D6.6.1_73"
"C53H9.1.1",106,"C53H9.1.1_106"
"C54A12.1",507,"C54A12.1_507"
"C54A12.1",960,"C54A12.1_960"
"C54A12.2b",324,"C54A12.2b_324"
"C54D1.3b",71,"C54D1.3b_71"
"C54D1.3b",212,"C54D1.3b_212"
"C54D1.3b",301,"C54D1.3b_301"
"C54D10.14a",360,"C54D10.14a_360"
"C54D2.1",385,"C54D2.1_385"
"C54D2.5d.1",1461,"C54D2.5d.1_1461"
"C54E10.6",97,"C54E10.6_97"
"C54G10.2a",653,"C54G10.2a_653"
"C54G4.2",39,"C54G4.2_39"
"C54G4.2",60,"C54G4.2_60"
"C54G4.2",328,"C54G4.2_328"
"C54G6.1a",156,"C54G6.1a_156"
"C55A6.10a",98,"C55A6.10a_98"
"C55B7.3",320,"C55B7.3_320"
"C55B7.5.1",340,"C55B7.5.1_340"
"C55B7.6",33,"C55B7.6_33"
"C55C3.3",37,"C55C3.3_37"
"C55C3.5",511,"C55C3.5_511"
"C55C3.6a",39,"C55C3.6a_39"
"C56A3.2a",140,"C56A3.2a_140"
"C56C10.13a",556,"C56C10.13a_556"
"C56E6.4a",18,"C56E6.4a_18"
"C56G2.3.1",30,"C56G2.3.1_30"
"C56G2.5",221,"C56G2.5_221"
"CD4.7b",98,"CD4.7b_98"
"D1005.5a",185,"D1005.5a_185"
"D1005.6",32,"D1005.6_32"
"D1009.2a",236,"D1009.2a_236"
"D1025.1",3,"D1025.1_3"
"D1037.1",315,"D1037.1_315"
"D1044.6.1",438,"D1044.6.1_438"
"D1044.6.1",788,"D1044.6.1_788"
"D1046.1b.1",487,"D1046.1b.1_487"
"D1054.11",208,"D1054.11_208"
"D1054.13b",192,"D1054.13b_192"
"D1069.3b",402,"D1069.3b_402"
"D1081.2",152,"D1081.2_152"
"D1081.4",184,"D1081.4_184"
"D1081.8",268,"D1081.8_268"
"D1081.9",123,"D1081.9_123"
"D1086.12b.1",174,"D1086.12b.1_174"
"D1086.19",41,"D1086.19_41"
"D2005.2",113,"D2005.2_113"
"D2005.6",193,"D2005.6_193"
"D2007.5.1",233,"D2007.5.1_233"
"D2013.3",15,"D2013.3_15"
"D2013.8a",214,"D2013.8a_214"
"D2013.9.1",325,"D2013.9.1_325"
"D2024.18",86,"D2024.18_86"
"D2024.5a",78,"D2024.5a_78"
"D2030.3.1",460,"D2030.3.1_460"
"D2045.8",215,"D2045.8_215"
"D2062.13",25,"D2062.13_25"
"D2089.1a",279,"D2089.1a_279"
"D2089.1a",287,"D2089.1a_287"
"D2089.1a",330,"D2089.1a_330"
"D2089.1a",352,"D2089.1a_352"
"D2092.2",110,"D2092.2_110"
"D2092.5",323,"D2092.5_323"
"D2092.7",4,"D2092.7_4"
"D2096.12",417,"D2096.12_417"
"DC2.7a",620,"DC2.7a_620"
"DH11.5d",120,"DH11.5d_120"
"DH11.5d",163,"DH11.5d_163"
"DY3.2.1",416,"DY3.2.1_416"
"DY3.3",18,"DY3.3_18"
"DY3.5",652,"DY3.5_652"
"DY3.7",50,"DY3.7_50"
"E01A2.4.1",78,"E01A2.4.1_78"
"E01A2.4.1",93,"E01A2.4.1_93"
"E01A2.4.1",119,"E01A2.4.1_119"
"E01A2.4.1",160,"E01A2.4.1_160"
"E01A2.4.1",482,"E01A2.4.1_482"
"E01A2.6.1",93,"E01A2.6.1_93"
"E01B7.2",171,"E01B7.2_171"
"E01G4.6",877,"E01G4.6_877"
"E02A10.1",113,"E02A10.1_113"
"E02A10.2a",192,"E02A10.2a_192"
"E02H1.4.1",129,"E02H1.4.1_129"
"E02H1.7",201,"E02H1.7_201"
"E02H4.3a",32,"E02H4.3a_32"
"E02H4.3a",380,"E02H4.3a_380"
"E02H4.8",92,"E02H4.8_92"
"E03A3.2",83,"E03A3.2_83"
"E03A3.6a",1486,"E03A3.6a_1486"
"E03G2.1",85,"E03G2.1_85"
"E04D5.2",139,"E04D5.2_139"
"E04F6.11i",715,"E04F6.11i_715"
"E04F6.15",6,"E04F6.15_6"
"EEED8.3",56,"EEED8.3_56"
"EEED8.5",178,"EEED8.5_178"
"EGAP1.3",277,"EGAP1.3_277"
"EGAP2.1",105,"EGAP2.1_105"
"F01D5.6",414,"F01D5.6_414"
"F01E11.17",140,"F01E11.17_140"
"F01F1.7",14,"F01F1.7_14"
"F01F1.7",108,"F01F1.7_108"
"F01F1.7",170,"F01F1.7_170"
"F01G10.9",258,"F01G10.9_258"
"F01G4.1",278,"F01G4.1_278"
"F01G4.1",1152,"F01G4.1_1152"
"F01G4.1",1174,"F01G4.1_1174"
"F01G4.1",1423,"F01G4.1_1423"
"F02A9.4a.1",534,"F02A9.4a.1_534"
"F02A9.6",794,"F02A9.6_794"
"F02C9.1",64,"F02C9.1_64"
"F02D8.4.1",101,"F02D8.4.1_101"
"F02E11.3",21,"F02E11.3_21"
"F02E8.4",707,"F02E8.4_707"
"F02E9.1",78,"F02E9.1_78"
"F02E9.2a",184,"F02E9.2a_184"
"F02E9.4b",276,"F02E9.4b_276"
"F07A11.1",281,"F07A11.1_281"
"F07A11.6b",1081,"F07A11.6b_1081"
"F07A11.6b",1155,"F07A11.6b_1155"
"F07A11.6b",1369,"F07A11.6b_1369"
"F07A5.2",142,"F07A5.2_142"
"F07B7.11",43,"F07B7.11_43"
"F07B7.4",25,"F07B7.4_25"
"F07C3.1",95,"F07C3.1_95"
"F07C4.3",288,"F07C4.3_288"
"F07C6.4d",568,"F07C6.4d_568"
"F07D10.1",150,"F07D10.1_150"
"F07E5.4",74,"F07E5.4_74"
"F07E5.6",225,"F07E5.6_225"
"F07F6.5",203,"F07F6.5_203"
"F07F6.6.1",870,"F07F6.6.1_870"
"F07F6.6.1",889,"F07F6.6.1_889"
"F07G11.9",1577,"F07G11.9_1577"
"F07G6.2",207,"F07G6.2_207"
"F07H5.6",99,"F07H5.6_99"
"F08A10.1j",241,"F08A10.1j_241"
"F08A7.1a",95,"F08A7.1a_95"
"F08A8.1a.1",42,"F08A8.1a.1_42"
"F08A8.2",40,"F08A8.2_40"
"F08A8.4.1",41,"F08A8.4.1_41"
"F08B1.2a",21,"F08B1.2a_21"
"F08B4.1b",694,"F08B4.1b_694"
"F08D12.1",627,"F08D12.1_627"
"F08F3.1",75,"F08F3.1_75"
"F08F3.6",306,"F08F3.6_306"
"F08F3.9b",315,"F08F3.9b_315"
"F08F8.10a.1",150,"F08F8.10a.1_150"
"F08F8.9a.1",556,"F08F8.9a.1_556"
"F08G12.1",572,"F08G12.1_572"
"F08G2.1",24,"F08G2.1_24"
"F08G2.4",94,"F08G2.4_94"
"F08G2.6",139,"F08G2.6_139"
"F08G5.6.1",268,"F08G5.6.1_268"
"F08G5.7",47,"F08G5.7_47"
"F08H9.1",110,"F08H9.1_110"
"F09B9.4",26,"F09B9.4_26"
"F09E5.10",84,"F09E5.10_84"
"F09E5.10",476,"F09E5.10_476"
"F09E5.13",230,"F09E5.13_230"
"F09E8.3a",561,"F09E8.3a_561"
"F09E8.3a",870,"F09E8.3a_870"
"F09F3.12",214,"F09F3.12_214"
"F09F3.1a",225,"F09F3.1a_225"
"F09F7.5a.1",332,"F09F7.5a.1_332"
"F09G2.1",958,"F09G2.1_958"
"F09G2.4",406,"F09G2.4_406"
"F09G2.9",330,"F09G2.9_330"
"F10C2.2",336,"F10C2.2_336"
"F10C2.4",16,"F10C2.4_16"
"F10C2.5",772,"F10C2.5_772"
"F10D11.4",71,"F10D11.4_71"
"F10D11.4",154,"F10D11.4_154"
"F10D11.6a",623,"F10D11.6a_623"
"F10D11.6a",629,"F10D11.6a_629"
"F10D2.2a",134,"F10D2.2a_134"
"F10D2.7",134,"F10D2.7_134"
"F10E7.4",786,"F10E7.4_786"
"F10E9.8",797,"F10E9.8_797"
"F10G2.4",156,"F10G2.4_156"
"F10G7.4",321,"F10G7.4_321"
"F10G8.1a",320,"F10G8.1a_320"
"F10G8.8b",454,"F10G8.8b_454"
"F10G8.8b",561,"F10G8.8b_561"
"F10G8.8b",742,"F10G8.8b_742"
"F11A1.3a",30,"F11A1.3a_30"
"F11A1.3a",195,"F11A1.3a_195"
"F11A10.1a.1",115,"F11A10.1a.1_115"
"F11A10.1a.1",308,"F11A10.1a.1_308"
"F11A10.1a.1",1134,"F11A10.1a.1_1134"
"F11A10.3a.1",31,"F11A10.3a.1_31"
"F11A10.3a.1",239,"F11A10.3a.1_239"
"F11A10.7",75,"F11A10.7_75"
"F11A5.3",182,"F11A5.3_182"
"F11C3.3.1",810,"F11C3.3.1_810"
"F11D11.21",33,"F11D11.21_33"
"F11D11.3",112,"F11D11.3_112"
"F11D5.3a",246,"F11D5.3a_246"
"F11E6.1d",522,"F11E6.1d_522"
"F11E6.7",386,"F11E6.7_386"
"F11G11.4",40,"F11G11.4_40"
"F12E12.2",134,"F12E12.2_134"
"F12F6.5a",211,"F12F6.5a_211"
"F13A7.11",53,"F13A7.11_53"
"F13A7.14",77,"F13A7.14_77"
"F13A7.8",309,"F13A7.8_309"
"F13B12.1",121,"F13B12.1_121"
"F13B12.1",217,"F13B12.1_217"
"F13B9.2",103,"F13B9.2_103"
"F13B9.6",293,"F13B9.6_293"
"F13C5.2",98,"F13C5.2_98"
"F13D2.1b",1211,"F13D2.1b_1211"
"F13D2.1b",1485,"F13D2.1b_1485"
"F13E9.1",471,"F13E9.1_471"
"F13E9.19",28,"F13E9.19_28"
"F13G3.8.1",164,"F13G3.8.1_164"
"F13H10.4a",13,"F13H10.4a_13"
"F13H8.10a",279,"F13H8.10a_279"
"F13H8.8",135,"F13H8.8_135"
"F13H8.8",158,"F13H8.8_158"
"F13H8.8",164,"F13H8.8_164"
"F14B6.2",124,"F14B6.2_124"
"F14B6.2",271,"F14B6.2_271"
"F14D7.2",298,"F14D7.2_298"
"F14E5.3",33,"F14E5.3_33"
"F14E5.8.1",24,"F14E5.8.1_24"
"F14F8.5",273,"F14F8.5_273"
"F14H12.3",243,"F14H12.3_243"
"F14H3.3.1",255,"F14H3.3.1_255"
"F14H3.5",200,"F14H3.5_200"
"F14H8.1a",349,"F14H8.1a_349"
"F14H8.2",58,"F14H8.2_58"
"F15D3.8",84,"F15D3.8_84"
"F15D4.4",218,"F15D4.4_218"
"F15E6.9a",392,"F15E6.9a_392"
"F15E6.9a",446,"F15E6.9a_446"
"F15H10.7",360,"F15H10.7_360"
"F16B12.4",238,"F16B12.4_238"
"F16B12.6",108,"F16B12.6_108"
"F16B12.7",173,"F16B12.7_173"
"F16B4.8a",129,"F16B4.8a_129"
"F16B4.9",108,"F16B4.9_108"
"F16C3.4",154,"F16C3.4_154"
"F17A9.3",108,"F17A9.3_108"
"F17A9.3",122,"F17A9.3_122"
"F17A9.6",300,"F17A9.6_300"
"F17B5.1a",576,"F17B5.1a_576"
"F17B5.1a",585,"F17B5.1a_585"
"F17B5.1a",601,"F17B5.1a_601"
"F17B5.1a",610,"F17B5.1a_610"
"F17C11.10.1",1012,"F17C11.10.1_1012"
"F17C11.11a",70,"F17C11.11a_70"
"F17C8.4.1",200,"F17C8.4.1_200"
"F17E5.1a",738,"F17E5.1a_738"
"F17E9.8",341,"F17E9.8_341"
"F17E9.9",24,"F17E9.9_24"
"F17H10.1.1",502,"F17H10.1.1_502"
"F18A1.1",36,"F18A1.1_36"
"F18A1.1",835,"F18A1.1_835"
"F18A1.4a",252,"F18A1.4a_252"
"F18A12.5",12,"F18A12.5_12"
"F18A12.5",111,"F18A12.5_111"
"F18C12.2a",752,"F18C12.2a_752"
"F18C12.3",335,"F18C12.3_335"
"F18C12.4",173,"F18C12.4_173"
"F18C5.3",2554,"F18C5.3_2554"
"F18C5.3",2573,"F18C5.3_2573"
"F18C5.3",2584,"F18C5.3_2584"
"F18C5.6",303,"F18C5.6_303"
"F18E2.3",49,"F18E2.3_49"
"F18E2.3",777,"F18E2.3_777"
"F18E2.5b",399,"F18E2.5b_399"
"F18E9.5b",368,"F18E9.5b_368"
"F18E9.5b",395,"F18E9.5b_395"
"F18F11.4",54,"F18F11.4_54"
"F18G5.2",253,"F18G5.2_253"
"F19B10.9",91,"F19B10.9_91"
"F19C7.7",300,"F19C7.7_300"
"F19F10.11a",436,"F19F10.11a_436"
"F19F10.11a",1076,"F19F10.11a_1076"
"F19F10.9",7,"F19F10.9_7"
"F19F10.9",251,"F19F10.9_251"
"F19F10.9",357,"F19F10.9_357"
"F19F10.9",381,"F19F10.9_381"
"F19F10.9",628,"F19F10.9_628"
"F19G12.2",559,"F19G12.2_559"
"F19G12.8",25,"F19G12.8_25"
"F19H8.4",187,"F19H8.4_187"
"F20A1.2",242,"F20A1.2_242"
"F20A1.7b",1472,"F20A1.7b_1472"
"F20B6.7",34,"F20B6.7_34"
"F20C5.1i",35,"F20C5.1i_35"
"F20C5.2b",457,"F20C5.2b_457"
"F20D1.3",455,"F20D1.3_455"
"F20D12.2.1",927,"F20D12.2.1_927"
"F20D12.2.1",947,"F20D12.2.1_947"
"F20D12.2.1",992,"F20D12.2.1_992"
"F20D12.2.1",1045,"F20D12.2.1_1045"
"F20D12.2.1",1060,"F20D12.2.1_1060"
"F20D6.10",207,"F20D6.10_207"
"F20G2.6b",83,"F20G2.6b_83"
"F20G4.1",1611,"F20G4.1_1611"
"F20G4.2",154,"F20G4.2_154"
"F20G4.2",166,"F20G4.2_166"
"F20G4.3",146,"F20G4.3_146"
"F20G4.3",1262,"F20G4.3_1262"
"F20G4.3",1402,"F20G4.3_1402"
"F20H11.2",1071,"F20H11.2_1071"
"F20H11.2",1438,"F20H11.2_1438"
"F20H11.4",406,"F20H11.4_406"
"F20H11.4",422,"F20H11.4_422"
"F21A10.2e",884,"F21A10.2e_884"
"F21A10.4",263,"F21A10.4_263"
"F21A3.3",305,"F21A3.3_305"
"F21A3.5",459,"F21A3.5_459"
"F21A3.7a",2,"F21A3.7a_2"
"F21D5.2b",146,"F21D5.2b_146"
"F21D5.4",18,"F21D5.4_18"
"F21D9.2",122,"F21D9.2_122"
"F21F12.1.1",7,"F21F12.1.1_7"
"F21H12.4",272,"F21H12.4_272"
"F21H7.2.1",494,"F21H7.2.1_494"
"F22A3.5",182,"F22A3.5_182"
"F22B5.7",581,"F22B5.7_581"
"F22B5.7",1324,"F22B5.7_1324"
"F22B7.6a",571,"F22B7.6a_571"
"F22B7.9",212,"F22B7.9_212"
"F22D6.5a",44,"F22D6.5a_44"
"F22D6.5a",240,"F22D6.5a_240"
"F22D6.5a",380,"F22D6.5a_380"
"F22D6.5a",394,"F22D6.5a_394"
"F22E5.17",281,"F22E5.17_281"
"F22G12.1",145,"F22G12.1_145"
"F23A7.5",149,"F23A7.5_149"
"F23B12.8b.1",921,"F23B12.8b.1_921"
"F23B2.7a",39,"F23B2.7a_39"
"F23C8.13a",141,"F23C8.13a_141"
"F23C8.4.1",140,"F23C8.4.1_140"
"F23D12.5",208,"F23D12.5_208"
"F23D12.5",221,"F23D12.5_221"
"F23D12.8",32,"F23D12.8_32"
"F23F1.9",253,"F23F1.9_253"
"F23F12.8",338,"F23F12.8_338"
"F23F12.8",496,"F23F12.8_496"
"F23H11.1",186,"F23H11.1_186"
"F23H12.5",722,"F23H12.5_722"
"F25B3.1",47,"F25B3.1_47"
"F25B3.5a.1",24,"F25B3.5a.1_24"
"F25B3.6",139,"F25B3.6_139"
"F25B4.1.1",290,"F25B4.1.1_290"
"F25B4.5",43,"F25B4.5_43"
"F25B4.5",347,"F25B4.5_347"
"F25B5.2b.1",5,"F25B5.2b.1_5"
"F25C8.5",24,"F25C8.5_24"
"F25D1.4",3,"F25D1.4_3"
"F25E5.9",91,"F25E5.9_91"
"F25F2.1b",17,"F25F2.1b_17"
"F25F2.1b",573,"F25F2.1b_573"
"F25G6.1",127,"F25G6.1_127"
"F25G6.1",443,"F25G6.1_443"
"F25G6.8",100,"F25G6.8_100"
"F25H2.13.1",896,"F25H2.13.1_896"
"F25H2.2",439,"F25H2.2_439"
"F25H2.3",294,"F25H2.3_294"
"F25H2.7",293,"F25H2.7_293"
"F25H5.10",58,"F25H5.10_58"
"F25H5.4a.1",833,"F25H5.4a.1_833"
"F25H5.5a",152,"F25H5.5a_152"
"F25H5.5a",186,"F25H5.5a_186"
"F25H8.1a",72,"F25H8.1a_72"
"F25H8.3b",93,"F25H8.3b_93"
"F25H8.3b",1903,"F25H8.3b_1903"
"F26A1.2",126,"F26A1.2_126"
"F26A3.3",149,"F26A3.3_149"
"F26A3.5",149,"F26A3.5_149"
"F26A3.6",461,"F26A3.6_461"
"F26A3.7",198,"F26A3.7_198"
"F26B1.1",72,"F26B1.1_72"
"F26B1.3",35,"F26B1.3_35"
"F26B1.7",67,"F26B1.7_67"
"F26C11.2",87,"F26C11.2_87"
"F26D11.10b",449,"F26D11.10b_449"
"F26D11.2",263,"F26D11.2_263"
"F26D11.2",284,"F26D11.2_284"
"F26D2.2",482,"F26D2.2_482"
"F26E4.1",441,"F26E4.1_441"
"F26E4.10a",19,"F26E4.10a_19"
"F26E4.2",34,"F26E4.2_34"
"F26F12.3a.1",64,"F26F12.3a.1_64"
"F26F2.7",167,"F26F2.7_167"
"F26G5.9",887,"F26G5.9_887"
"F26H11.2a",1112,"F26H11.2a_1112"
"F26H11.2a",1845,"F26H11.2a_1845"
"F26H11.4",52,"F26H11.4_52"
"F26H11.4",141,"F26H11.4_141"
"F26H11.4",395,"F26H11.4_395"
"F27C1.3",80,"F27C1.3_80"
"F27C1.6.1",74,"F27C1.6.1_74"
"F27C1.6.1",404,"F27C1.6.1_404"
"F27C1.6.1",549,"F27C1.6.1_549"
"F27C1.6.1",562,"F27C1.6.1_562"
"F27D4.4a",249,"F27D4.4a_249"
"F27D9.4",30,"F27D9.4_30"
"F27E5.3",34,"F27E5.3_34"
"F27E5.9",92,"F27E5.9_92"
"F28A12.1",3,"F28A12.1_3"
"F28B1.4",51,"F28B1.4_51"
"F28B4.2b",465,"F28B4.2b_465"
"F28C1.1",25,"F28C1.1_25"
"F28C1.1",159,"F28C1.1_159"
"F28C1.1",569,"F28C1.1_569"
"F28C1.3a",932,"F28C1.3a_932"
"F28C12.4",311,"F28C12.4_311"
"F28C6.6.1",494,"F28C6.6.1_494"
"F28C6.6.1",698,"F28C6.6.1_698"
"F28D1.11",89,"F28D1.11_89"
"F28D1.8",451,"F28D1.8_451"
"F28D1.8",489,"F28D1.8_489"
"F28D9.1.1",276,"F28D9.1.1_276"
"F28D9.1.1",303,"F28D9.1.1_303"
"F28D9.1.1",318,"F28D9.1.1_318"
"F28D9.1.1",346,"F28D9.1.1_346"
"F28D9.1.1",374,"F28D9.1.1_374"
"F28D9.1.1",389,"F28D9.1.1_389"
"F28D9.1.1",410,"F28D9.1.1_410"
"F28D9.1.1",438,"F28D9.1.1_438"
"F28D9.1.1",452,"F28D9.1.1_452"
"F28D9.1.1",465,"F28D9.1.1_465"
"F28D9.1.1",479,"F28D9.1.1_479"
"F28D9.1.1",501,"F28D9.1.1_501"
"F28D9.1.1",540,"F28D9.1.1_540"
"F28D9.1.1",586,"F28D9.1.1_586"
"F28E10.1j",613,"F28E10.1j_613"
"F28E10.1j",622,"F28E10.1j_622"
"F28F8.9b",128,"F28F8.9b_128"
"F28F9.2",129,"F28F9.2_129"
"F28H1.5",83,"F28H1.5_83"
"F28H6.6",549,"F28H6.6_549"
"F28H7.10a",834,"F28H7.10a_834"
"F28H7.6",520,"F28H7.6_520"
"F29A7.6",24,"F29A7.6_24"
"F29B9.4c",391,"F29B9.4c_391"
"F29C4.7a.1",337,"F29C4.7a.1_337"
"F29D10.1",126,"F29D10.1_126"
"F29D10.2",121,"F29D10.2_121"
"F29D11.1",4296,"F29D11.1_4296"
"F29D11.2",122,"F29D11.2_122"
"F29F11.4",207,"F29F11.4_207"
"F29G9.5",38,"F29G9.5_38"
"F30A10.5a",198,"F30A10.5a_198"
"F30B5.11",123,"F30B5.11_123"
"F31A3.2",29,"F31A3.2_29"
"F31A3.4",29,"F31A3.4_29"
"F31B12.3a",1042,"F31B12.3a_1042"
"F31B12.3a",1570,"F31B12.3a_1570"
"F31B9.2",194,"F31B9.2_194"
"F31C3.2b",3,"F31C3.2b_3"
"F31C3.3",1717,"F31C3.3_1717"
"F31C3.6a",285,"F31C3.6a_285"
"F31C3.6a",482,"F31C3.6a_482"
"F31E3.4",386,"F31E3.4_386"
"F31E8.2b",207,"F31E8.2b_207"
"F31E8.2b",345,"F31E8.2b_345"
"F32A5.1a",276,"F32A5.1a_276"
"F32A7.3c.1",137,"F32A7.3c.1_137"
"F32B4.8",825,"F32B4.8_825"
"F32B6.1",157,"F32B6.1_157"
"F32B6.3.1",13,"F32B6.3.1_13"
"F32B6.3.1",54,"F32B6.3.1_54"
"F32B6.9",123,"F32B6.9_123"
"F32D1.10",135,"F32D1.10_135"
"F32D1.3a",769,"F32D1.3a_769"
"F32D1.6b",130,"F32D1.6b_130"
"F32D1.9b.1",401,"F32D1.9b.1_401"
"F32D1.9b.1",470,"F32D1.9b.1_470"
"F32F2.1b",103,"F32F2.1b_103"
"F32F2.1b",636,"F32F2.1b_636"
"F32H2.1a",837,"F32H2.1a_837"
"F32H2.3.1",318,"F32H2.3.1_318"
"F32H2.3.1",784,"F32H2.3.1_784"
"F32H2.5",271,"F32H2.5_271"
"F32H5.4",305,"F32H5.4_305"
"F32H5.7a",9,"F32H5.7a_9"
"F33A8.1",126,"F33A8.1_126"
"F33A8.1",147,"F33A8.1_147"
"F33A8.1",683,"F33A8.1_683"
"F33A8.1",781,"F33A8.1_781"
"F33A8.4",14,"F33A8.4_14"
"F33A8.9",88,"F33A8.9_88"
"F33D11.3",66,"F33D11.3_66"
"F33D4.1a",111,"F33D4.1a_111"
"F33D4.6c",390,"F33D4.6c_390"
"F33G12.6a",650,"F33G12.6a_650"
"F33H1.1b",28,"F33H1.1b_28"
"F33H12.6",2,"F33H12.6_2"
"F33H2.1",61,"F33H2.1_61"
"F33H2.5",1181,"F33H2.5_1181"
"F34D10.6a",31,"F34D10.6a_31"
"F35A5.1",1998,"F35A5.1_1998"
"F35A5.1",2010,"F35A5.1_2010"
"F35A5.5",186,"F35A5.5_186"
"F35B12.1a",222,"F35B12.1a_222"
"F35B3.5c",419,"F35B3.5c_419"
"F35B3.5c",906,"F35B3.5c_906"
"F35C11.5",23,"F35C11.5_23"
"F35C5.2",304,"F35C5.2_304"
"F35C8.8a",19,"F35C8.8a_19"
"F35C8.8a",40,"F35C8.8a_40"
"F35D11.11b",424,"F35D11.11b_424"
"F35D11.11b",1857,"F35D11.11b_1857"
"F35D2.1",354,"F35D2.1_354"
"F35E2.2",128,"F35E2.2_128"
"F35F11.1",180,"F35F11.1_180"
"F35H10.11",24,"F35H10.11_24"
"F35H8.2",84,"F35H8.2_84"
"F36A2.13.1",309,"F36A2.13.1_309"
"F36A2.13.1",1660,"F36A2.13.1_1660"
"F36A2.4.1",322,"F36A2.4.1_322"
"F36A2.4.1",355,"F36A2.4.1_355"
"F36A2.6",13,"F36A2.6_13"
"F36F2.3a",501,"F36F2.3a_501"
"F36F2.3a",533,"F36F2.3a_533"
"F36F2.3a",1086,"F36F2.3a_1086"
"F36G3.1.1",620,"F36G3.1.1_620"
"F36H1.3",30,"F36H1.3_30"
"F36H12.3",24,"F36H12.3_24"
"F36H2.1a",3,"F36H2.1a_3"
"F37A4.2.1",130,"F37A4.2.1_130"
"F37A4.4",923,"F37A4.4_923"
"F37A4.7d",13,"F37A4.7d_13"
"F37A8.2",325,"F37A8.2_325"
"F37B4.5",335,"F37B4.5_335"
"F37B4.8",249,"F37B4.8_249"
"F37C12.12",448,"F37C12.12_448"
"F37C12.18",8,"F37C12.18_8"
"F37E3.1",16,"F37E3.1_16"
"F37F2.2.1",139,"F37F2.2.1_139"
"F38A5.13",267,"F38A5.13_267"
"F38A6.1a",341,"F38A6.1a_341"
"F38B7.5",597,"F38B7.5_597"
"F38E1.9",238,"F38E1.9_238"
"F38E11.12",15,"F38E11.12_15"
"F38E11.4",756,"F38E11.4_756"
"F38E11.4",776,"F38E11.4_776"
"F38E11.9.1",33,"F38E11.9.1_33"
"F39B3.2",148,"F39B3.2_148"
"F39C12.1",850,"F39C12.1_850"
"F39C12.1",2274,"F39C12.1_2274"
"F39C12.1",3479,"F39C12.1_3479"
"F39C12.1",3520,"F39C12.1_3520"
"F39C12.1",3708,"F39C12.1_3708"
"F39C12.1",4031,"F39C12.1_4031"
"F39C12.2b",41,"F39C12.2b_41"
"F39C12.3b",405,"F39C12.3b_405"
"F39G3.2",96,"F39G3.2_96"
"F39G3.3",349,"F39G3.3_349"
"F39H2.2a.1",359,"F39H2.2a.1_359"
"F39H2.2a.1",380,"F39H2.2a.1_380"
"F40A3.2",20,"F40A3.2_20"
"F40A3.6",138,"F40A3.6_138"
"F40C5.3",46,"F40C5.3_46"
"F40D4.13a",261,"F40D4.13a_261"
"F40E10.4",246,"F40E10.4_246"
"F40E10.4",451,"F40E10.4_451"
"F40E12.2",542,"F40E12.2_542"
"F40E12.2",1102,"F40E12.2_1102"
"F40E12.2",1174,"F40E12.2_1174"
"F40E12.2",1231,"F40E12.2_1231"
"F40F11.2",1213,"F40F11.2_1213"
"F40F8.5a.1",113,"F40F8.5a.1_113"
"F40F8.5a.1",192,"F40F8.5a.1_192"
"F40F8.5a.1",214,"F40F8.5a.1_214"
"F40F8.5a.1",236,"F40F8.5a.1_236"
"F40F8.5a.1",258,"F40F8.5a.1_258"
"F40F8.5a.1",281,"F40F8.5a.1_281"
"F40F8.5a.1",303,"F40F8.5a.1_303"
"F40F8.5a.1",325,"F40F8.5a.1_325"
"F40F8.5a.1",347,"F40F8.5a.1_347"
"F40F9.10",277,"F40F9.10_277"
"F40F9.10",295,"F40F9.10_295"
"F40F9.10",348,"F40F9.10_348"
"F40F9.7a",57,"F40F9.7a_57"
"F40G12.10",88,"F40G12.10_88"
"F40H3.1a",223,"F40H3.1a_223"
"F40H3.4b.1",64,"F40H3.4b.1_64"
"F40H7.4",226,"F40H7.4_226"
"F40H7.5",227,"F40H7.5_227"
"F41B5.10",233,"F41B5.10_233"
"F41B5.9",241,"F41B5.9_241"
"F41C3.11",85,"F41C3.11_85"
"F41C6.2",38,"F41C6.2_38"
"F41E6.1.1",31,"F41E6.1.1_31"
"F41E7.3",358,"F41E7.3_358"
"F41E7.9",267,"F41E7.9_267"
"F41F3.4",307,"F41F3.4_307"
"F41G3.12",919,"F41G3.12_919"
"F41G3.6",32,"F41G3.6_32"
"F41H10.3e",704,"F41H10.3e_704"
"F42A10.4a",364,"F42A10.4a_364"
"F42A10.5.1",15,"F42A10.5.1_15"
"F42A9.1a",507,"F42A9.1a_507"
"F42A9.1a",1263,"F42A9.1a_1263"
"F42A9.2",971,"F42A9.2_971"
"F42C5.10",684,"F42C5.10_684"
"F42C5.3a",66,"F42C5.3a_66"
"F42C5.5a",272,"F42C5.5a_272"
"F42C5.8a",23,"F42C5.8a_23"
"F42E11.4",57,"F42E11.4_57"
"F42G4.2",108,"F42G4.2_108"
"F42G4.7",63,"F42G4.7_63"
"F42H11.1",321,"F42H11.1_321"
"F43A11.6",228,"F43A11.6_228"
"F43C1.5",133,"F43C1.5_133"
"F43C11.9",277,"F43C11.9_277"
"F43D2.3",28,"F43D2.3_28"
"F43D9.1",1137,"F43D9.1_1137"
"F43D9.5",51,"F43D9.5_51"
"F43E2.5.1",80,"F43E2.5.1_80"
"F43G6.4",140,"F43G6.4_140"
"F43G6.5",515,"F43G6.5_515"
"F43G6.6",544,"F43G6.6_544"
"F43G9.10",462,"F43G9.10_462"
"F43G9.12a",171,"F43G9.12a_171"
"F43G9.12a",471,"F43G9.12a_471"
"F43G9.6a",940,"F43G9.6a_940"
"F43G9.8",78,"F43G9.8_78"
"F44B9.4a",344,"F44B9.4a_344"
"F44B9.6",410,"F44B9.6_410"
"F44B9.6",529,"F44B9.6_529"
"F44C4.4a",732,"F44C4.4a_732"
"F44D12.8a",16,"F44D12.8a_16"
"F44D12.8a",110,"F44D12.8a_110"
"F44D12.8a",156,"F44D12.8a_156"
"F44D12.8a",222,"F44D12.8a_222"
"F44E2.3",19,"F44E2.3_19"
"F44E2.3",40,"F44E2.3_40"
"F44E2.3",67,"F44E2.3_67"
"F44E2.7a",117,"F44E2.7a_117"
"F44E2.7a",154,"F44E2.7a_154"
"F44F4.9",101,"F44F4.9_101"
"F44G3.5",199,"F44G3.5_199"
"F44G3.7",17,"F44G3.7_17"
"F44G3.7",702,"F44G3.7_702"
"F44G4.4c",140,"F44G4.4c_140"
"F45E12.2a",328,"F45E12.2a_328"
"F45E12.2a",470,"F45E12.2a_470"
"F45E6.2",320,"F45E6.2_320"
"F45F2.12",25,"F45F2.12_25"
"F45G2.3",453,"F45G2.3_453"
"F45H7.2a",41,"F45H7.2a_41"
"F45H7.2a",198,"F45H7.2a_198"
"F45H7.6b",615,"F45H7.6b_615"
"F46A8.11",16,"F46A8.11_16"
"F46A8.6",71,"F46A8.6_71"
"F46A9.3a",199,"F46A9.3a_199"
"F46B3.17",71,"F46B3.17_71"
"F46B3.17",617,"F46B3.17_617"
"F46B6.3b",265,"F46B6.3b_265"
"F46B6.5e",542,"F46B6.5e_542"
"F46C3.6",21,"F46C3.6_21"
"F46F11.2",39,"F46F11.2_39"
"F46F11.5.1",26,"F46F11.5.1_26"
"F46F5.7a",6,"F46F5.7a_6"
"F46F6.2b",524,"F46F6.2b_524"
"F46G10.6",57,"F46G10.6_57"
"F46H5.6",705,"F46H5.6_705"
"F46H6.2a",33,"F46H6.2a_33"
"F47B10.2",108,"F47B10.2_108"
"F47B8.10",197,"F47B8.10_197"
"F47B8.13",99,"F47B8.13_99"
"F47B8.13",173,"F47B8.13_173"
"F47B8.14",87,"F47B8.14_87"
"F47B8.14",168,"F47B8.14_168"
"F47B8.18",96,"F47B8.18_96"
"F47C12.2",9,"F47C12.2_9"
"F47D12.6",54,"F47D12.6_54"
"F47G4.6",46,"F47G4.6_46"
"F47H4.2b",982,"F47H4.2b_982"
"F47H4.8",189,"F47H4.8_189"
"F48C1.5",76,"F48C1.5_76"
"F48C1.9",67,"F48C1.9_67"
"F48C11.2b",422,"F48C11.2b_422"
"F48E8.2",230,"F48E8.2_230"
"F48E8.4",293,"F48E8.4_293"
"F48E8.8b",60,"F48E8.8b_60"
"F48E8.8b",123,"F48E8.8b_123"
"F48F5.6a.1",48,"F48F5.6a.1_48"
"F48F7.3",330,"F48F7.3_330"
"F48F7.5",210,"F48F7.5_210"
"F49B2.6",702,"F49B2.6_702"
"F49B2.6",1068,"F49B2.6_1068"
"F49C5.3",5,"F49C5.3_5"
"F49C5.3",50,"F49C5.3_50"
"F49D11.1.1",158,"F49D11.1.1_158"
"F49D11.14",76,"F49D11.14_76"
"F49E10.1",452,"F49E10.1_452"
"F49E10.5a",96,"F49E10.5a_96"
"F49E11.3",488,"F49E11.3_488"
"F49F1.12",69,"F49F1.12_69"
"F49F1.8",516,"F49F1.8_516"
"F49H12.1a",202,"F49H12.1a_202"
"F52B10.1",1251,"F52B10.1_1251"
"F52B10.2",135,"F52B10.2_135"
"F52B11.1a.1",99,"F52B11.1a.1_99"
"F52B11.1a.1",144,"F52B11.1a.1_144"
"F52B11.3",648,"F52B11.3_648"
"F52B5.1c",47,"F52B5.1c_47"
"F52C12.5.1",109,"F52C12.5.1_109"
"F52C6.14",471,"F52C6.14_471"
"F52C9.8b",623,"F52C9.8b_623"
"F52C9.8b",800,"F52C9.8b_800"
"F52C9.8b",912,"F52C9.8b_912"
"F52C9.8b",1154,"F52C9.8b_1154"
"F52D10.2",20,"F52D10.2_20"
"F52D2.4",15,"F52D2.4_15"
"F52E1.3",26,"F52E1.3_26"
"F52E10.1",1025,"F52E10.1_1025"
"F52E10.1",1163,"F52E10.1_1163"
"F52E10.4b",53,"F52E10.4b_53"
"F52E4.7",32,"F52E4.7_32"
"F52F12.1a",575,"F52F12.1a_575"
"F52G2.1b",68,"F52G2.1b_68"
"F52G2.1b",388,"F52G2.1b_388"
"F52G3.1",631,"F52G3.1_631"
"F52G3.4",483,"F52G3.4_483"
"F52H2.1",613,"F52H2.1_613"
"F52H2.3",80,"F52H2.3_80"
"F53A2.2",5,"F53A2.2_5"
"F53A2.3",309,"F53A2.3_309"
"F53A2.4",71,"F53A2.4_71"
"F53A3.2",580,"F53A3.2_580"
"F53A3.4b",46,"F53A3.4b_46"
"F53A3.4b",456,"F53A3.4b_456"
"F53A9.10a.1",140,"F53A9.10a.1_140"
"F53B3.3",106,"F53B3.3_106"
"F53B7.2a",415,"F53B7.2a_415"
"F53F4.11.1",503,"F53F4.11.1_503"
"F53F4.12.1",176,"F53F4.12.1_176"
"F53F4.14.1",310,"F53F4.14.1_310"
"F53F4.6a",63,"F53F4.6a_63"
"F53G12.10.1",16,"F53G12.10.1_16"
"F53G12.8",44,"F53G12.8_44"
"F53H1.1a",10,"F53H1.1a_10"
"F53H1.1a",104,"F53H1.1a_104"
"F53H1.4a",124,"F53H1.4a_124"
"F53H10.2a",621,"F53H10.2a_621"
"F53H2.1a",717,"F53H2.1a_717"
"F53H4.1",302,"F53H4.1_302"
"F53H4.3",256,"F53H4.3_256"
"F54B11.6",160,"F54B11.6_160"
"F54C1.3a",13,"F54C1.3a_13"
"F54C1.3a",424,"F54C1.3a_424"
"F54C4.3",1079,"F54C4.3_1079"
"F54C8.4a",201,"F54C8.4a_201"
"F54C9.5",21,"F54C9.5_21"
"F54C9.6a.1",203,"F54C9.6a.1_203"
"F54C9.9",3,"F54C9.9_3"
"F54C9.9",324,"F54C9.9_324"
"F54C9.9",591,"F54C9.9_591"
"F54D1.5",611,"F54D1.5_611"
"F54D11.2.1",413,"F54D11.2.1_413"
"F54D11.2.1",1029,"F54D11.2.1_1029"
"F54D11.4",99,"F54D11.4_99"
"F54D5.11.1",44,"F54D5.11.1_44"
"F54D5.14",355,"F54D5.14_355"
"F54D5.14",1043,"F54D5.14_1043"
"F54D5.14",1053,"F54D5.14_1053"
"F54D5.8.1",59,"F54D5.8.1_59"
"F54D5.9",14,"F54D5.9_14"
"F54D7.6",6,"F54D7.6_6"
"F54D7.7",6,"F54D7.7_6"
"F54E12.4",25,"F54E12.4_25"
"F54E4.1b",1342,"F54E4.1b_1342"
"F54F12.1",594,"F54F12.1_594"
"F54F12.2a",89,"F54F12.2a_89"
"F54F2.1",977,"F54F2.1_977"
"F54F2.2a.1",641,"F54F2.2a.1_641"
"F54F2.5a",156,"F54F2.5a_156"
"F54F2.9",407,"F54F2.9_407"
"F54F7.1",175,"F54F7.1_175"
"F54H12.4",281,"F54H12.4_281"
"F55A11.7",44,"F55A11.7_44"
"F55A3.2.1",655,"F55A3.2.1_655"
"F55A3.3",1027,"F55A3.3_1027"
"F55A4.3",7,"F55A4.3_7"
"F55A4.5",346,"F55A4.5_346"
"F55A4.8a",141,"F55A4.8a_141"
"F55A8.1b",103,"F55A8.1b_103"
"F55B11.1",217,"F55B11.1_217"
"F55C5.7a",688,"F55C5.7a_688"
"F55C5.8",68,"F55C5.8_68"
"F55C7.2",57,"F55C7.2_57"
"F55D10.1.1",599,"F55D10.1.1_599"
"F55F10.1b",3537,"F55F10.1b_3537"
"F55F8.2a",127,"F55F8.2a_127"
"F55F8.2a",730,"F55F8.2a_730"
"F55F8.4.1",165,"F55F8.4.1_165"
"F55F8.4.1",419,"F55F8.4.1_419"
"F55F8.4.1",456,"F55F8.4.1_456"
"F55F8.4.1",490,"F55F8.4.1_490"
"F55F8.4.1",501,"F55F8.4.1_501"
"F55F8.4.1",521,"F55F8.4.1_521"
"F55F8.4.1",534,"F55F8.4.1_534"
"F55G1.1",25,"F55G1.1_25"
"F55G1.3",25,"F55G1.3_25"
"F55G1.4.1",465,"F55G1.4.1_465"
"F55H12.5",27,"F55H12.5_27"
"F56A3.1",681,"F56A3.1_681"
"F56A3.3a.1",1163,"F56A3.3a.1_1163"
"F56A3.3a.1",1290,"F56A3.3a.1_1290"
"F56A4.1",43,"F56A4.1_43"
"F56A6.2a",1445,"F56A6.2a_1445"
"F56A6.4a",289,"F56A6.4a_289"
"F56A8.1b",779,"F56A8.1b_779"
"F56A8.7a.1",263,"F56A8.7a.1_263"
"F56B3.7",536,"F56B3.7_536"
"F56B3.9",51,"F56B3.9_51"
"F56C3.5",25,"F56C3.5_25"
"F56C9.10b",985,"F56C9.10b_985"
"F56D12.4a",149,"F56D12.4a_149"
"F56D12.4a",747,"F56D12.4a_747"
"F56D12.4a",911,"F56D12.4a_911"
"F56D6.4",186,"F56D6.4_186"
"F56E10.1b",432,"F56E10.1b_432"
"F56E10.1b",697,"F56E10.1b_697"
"F56E10.1b",938,"F56E10.1b_938"
"F56F3.4",170,"F56F3.4_170"
"F56G4.6",511,"F56G4.6_511"
"F56H1.5",700,"F56H1.5_700"
"F56H1.5",742,"F56H1.5_742"
"F56H9.5.1",696,"F56H9.5.1_696"
"F57A8.2b",303,"F57A8.2b_303"
"F57A8.4",264,"F57A8.4_264"
"F57B10.1.1",302,"F57B10.1.1_302"
"F57B10.6",379,"F57B10.6_379"
"F57B10.8.1",136,"F57B10.8.1_136"
"F57B9.5",40,"F57B9.5_40"
"F57C7.1a",500,"F57C7.1a_500"
"F57C7.2a",144,"F57C7.2a_144"
"F57C7.4",960,"F57C7.4_960"
"F57C9.4b",202,"F57C9.4b_202"
"F57C9.5",527,"F57C9.5_527"
"F57C9.6",280,"F57C9.6_280"
"F57C9.7",149,"F57C9.7_149"
"F57C9.7",166,"F57C9.7_166"
"F57E7.3",131,"F57E7.3_131"
"F57G9.4",225,"F57G9.4_225"
"F58A3.2c",568,"F58A3.2c_568"
"F58A3.2c",968,"F58A3.2c_968"
"F58A3.3",178,"F58A3.3_178"
"F58A4.11",190,"F58A4.11_190"
"F58A4.11",420,"F58A4.11_420"
"F58B3.4.1",382,"F58B3.4.1_382"
"F58B3.4.1",464,"F58B3.4.1_464"
"F58D12.3",41,"F58D12.3_41"
"F58D5.1a.1",451,"F58D5.1a.1_451"
"F58D5.8",215,"F58D5.8_215"
"F58D5.8",295,"F58D5.8_295"
"F58E10.1b",123,"F58E10.1b_123"
"F58F6.1",71,"F58F6.1_71"
"F58G11.1a",426,"F58G11.1a_426"
"F58G4.1",878,"F58G4.1_878"
"F58G6.8",46,"F58G6.8_46"
"F58H1.1",907,"F58H1.1_907"
"F58H1.6",96,"F58H1.6_96"
"F58H1.6",198,"F58H1.6_198"
"F59A2.2b",101,"F59A2.2b_101"
"F59A2.4a",98,"F59A2.4a_98"
"F59A6.4",20,"F59A6.4_20"
"F59A6.4",614,"F59A6.4_614"
"F59A7.5c",127,"F59A7.5c_127"
"F59A7.5c",140,"F59A7.5c_140"
"F59B10.2",252,"F59B10.2_252"
"F59B10.2",459,"F59B10.2_459"
"F59B2.8",418,"F59B2.8_418"
"F59C12.3",452,"F59C12.3_452"
"F59D12.4",327,"F59D12.4_327"
"F59E11.11",114,"F59E11.11_114"
"F59E12.1",408,"F59E12.1_408"
"F59E12.2.1",143,"F59E12.2.1_143"
"F59E12.6a",466,"F59E12.6a_466"
"F59E12.6a",476,"F59E12.6a_476"
"F59E12.9",45,"F59E12.9_45"
"F59E12.9",67,"F59E12.9_67"
"F59E12.9",98,"F59E12.9_98"
"F59E12.9",124,"F59E12.9_124"
"F59E12.9",660,"F59E12.9_660"
"F59F3.5.1",572,"F59F3.5.1_572"
"F59F4.1",39,"F59F4.1_39"
"F59F4.4",159,"F59F4.4_159"
"F59F5.1",157,"F59F5.1_157"
"F59F5.6",793,"F59F5.6_793"
"F59G1.4a",450,"F59G1.4a_450"
"F59H6.5",108,"F59H6.5_108"
"H01M10.1",245,"H01M10.1_245"
"H02I12.1",392,"H02I12.1_392"
"H02I12.1",537,"H02I12.1_537"
"H02I12.6",25,"H02I12.6_25"
"H03E18.1",732,"H03E18.1_732"
"H03E18.2b",63,"H03E18.2b_63"
"H04J21.1",690,"H04J21.1_690"
"H04J21.1",879,"H04J21.1_879"
"H05G16.1a",261,"H05G16.1a_261"
"H05G16.1a",861,"H05G16.1a_861"
"H06I04.3a",625,"H06I04.3a_625"
"H06I04.5",532,"H06I04.5_532"
"H06O01.2",1229,"H06O01.2_1229"
"H06O01.2",1242,"H06O01.2_1242"
"H06O01.2",1256,"H06O01.2_1256"
"H08M01.2b",796,"H08M01.2b_796"
"H10E21.2.1",134,"H10E21.2.1_134"
"H11E01.3",212,"H11E01.3_212"
"H11L12.1",212,"H11L12.1_212"
"H13N06.6b",180,"H13N06.6b_180"
"H16O14.1d",1055,"H16O14.1d_1055"
"H19N07.3a.1",121,"H19N07.3a.1_121"
"H19N07.4a.1",9,"H19N07.4a.1_9"
"H20J04.2",433,"H20J04.2_433"
"H20J04.2",1294,"H20J04.2_1294"
"H26D21.2",829,"H26D21.2_829"
"H27C11.1a",114,"H27C11.1a_114"
"H27D07.4",250,"H27D07.4_250"
"H27M09.1",15,"H27M09.1_15"
"H27M09.5",92,"H27M09.5_92"
"H27M09.5",172,"H27M09.5_172"
"H28G03.2a.1",211,"H28G03.2a.1_211"
"H28O16.2",31,"H28O16.2_31"
"H28O16.2",86,"H28O16.2_86"
"H32C10.2a",123,"H32C10.2a_123"
"H34C03.1",95,"H34C03.1_95"
"H34C03.2b",925,"H34C03.2b_925"
"H37A05.1",351,"H37A05.1_351"
"H38K22.1",1473,"H38K22.1_1473"
"H42K12.3.1",402,"H42K12.3.1_402"
"H43I07.3a",41,"H43I07.3a_41"
"JC8.2.1",235,"JC8.2.1_235"
"JC8.7a",6,"JC8.7a_6"
"K01A11.3",6,"K01A11.3_6"
"K01A12.3",362,"K01A12.3_362"
"K01A2.11d",654,"K01A2.11d_654"
"K01A2.4a",137,"K01A2.4a_137"
"K01B6.2",224,"K01B6.2_224"
"K01C8.5.1",283,"K01C8.5.1_283"
"K01C8.8",475,"K01C8.8_475"
"K01C8.9.1",280,"K01C8.9.1_280"
"K01D12.10",193,"K01D12.10_193"
"K01D12.8",48,"K01D12.8_48"
"K01D12.9",48,"K01D12.9_48"
"K01D12.9",74,"K01D12.9_74"
"K01G12.3.1",207,"K01G12.3.1_207"
"K01G5.1",36,"K01G5.1_36"
"K01G5.1",297,"K01G5.1_297"
"K01G5.2c",179,"K01G5.2c_179"
"K02A11.1b.1",309,"K02A11.1b.1_309"
"K02B12.2",96,"K02B12.2_96"
"K02B12.4b",245,"K02B12.4b_245"
"K02B12.5",714,"K02B12.5_714"
"K02B12.7",348,"K02B12.7_348"
"K02B2.5.1",27,"K02B2.5.1_27"
"K02D10.4",104,"K02D10.4_104"
"K02D7.6",43,"K02D7.6_43"
"K02E11.1",65,"K02E11.1_65"
"K02E11.1",110,"K02E11.1_110"
"K02E11.11",97,"K02E11.11_97"
"K02F3.11",93,"K02F3.11_93"
"K02F3.12a",54,"K02F3.12a_54"
"K02F3.12a",614,"K02F3.12a_614"
"K02G10.15",61,"K02G10.15_61"
"K03A11.1",493,"K03A11.1_493"
"K03B4.5",285,"K03B4.5_285"
"K03B8.4",65,"K03B8.4_65"
"K03B8.4",76,"K03B8.4_76"
"K03B8.6.1",84,"K03B8.6.1_84"
"K03B8.8.1",194,"K03B8.8.1_194"
"K03B8.9.1",508,"K03B8.9.1_508"
"K03D7.6",329,"K03D7.6_329"
"K03D7.8",59,"K03D7.8_59"
"K03H1.2.1",23,"K03H1.2.1_23"
"K03H1.2.1",190,"K03H1.2.1_190"
"K03H1.2.1",362,"K03H1.2.1_362"
"K03H1.5",86,"K03H1.5_86"
"K03H1.5",1272,"K03H1.5_1272"
"K04A8.6b",167,"K04A8.6b_167"
"K04B12.1",1142,"K04B12.1_1142"
"K04C1.3",202,"K04C1.3_202"
"K04C1.5",57,"K04C1.5_57"
"K04C1.5",188,"K04C1.5_188"
"K04D7.5a",706,"K04D7.5a_706"
"K04G11.1",63,"K04G11.1_63"
"K04G11.5c",190,"K04G11.5c_190"
"K04G2.1.1",11,"K04G2.1.1_11"
"K04G2.10",18,"K04G2.10_18"
"K04G2.7a",117,"K04G2.7a_117"
"K04G2.8b",113,"K04G2.8b_113"
"K04H4.2c.1",844,"K04H4.2c.1_844"
"K05C4.10",31,"K05C4.10_31"
"K05F1.1",169,"K05F1.1_169"
"K05F1.1",394,"K05F1.1_394"
"K06A1.6",12,"K06A1.6_12"
"K06A4.1",53,"K06A4.1_53"
"K06A4.1",288,"K06A4.1_288"
"K06A4.4",108,"K06A4.4_108"
"K06A4.4",225,"K06A4.4_225"
"K06A5.4",194,"K06A5.4_194"
"K06A5.4",694,"K06A5.4_694"
"K06A5.7.1",457,"K06A5.7.1_457"
"K06C4.12",25,"K06C4.12_25"
"K06C4.4",25,"K06C4.4_25"
"K06C4.6a",23,"K06C4.6a_23"
"K06H7.3.1",330,"K06H7.3.1_330"
"K06H7.3.1",341,"K06H7.3.1_341"
"K06H7.4",23,"K06H7.4_23"
"K06H7.7",99,"K06H7.7_99"
"K06H7.7",112,"K06H7.7_112"
"K07A1.10.1",104,"K07A1.10.1_104"
"K07A1.5",293,"K07A1.5_293"
"K07A9.3",231,"K07A9.3_231"
"K07B1.4a",219,"K07B1.4a_219"
"K07B1.6a.1",35,"K07B1.6a.1_35"
"K07B1.7a",377,"K07B1.7a_377"
"K07C5.3",141,"K07C5.3_141"
"K07C5.4",88,"K07C5.4_88"
"K07C6.9",281,"K07C6.9_281"
"K07D4.9",63,"K07D4.9_63"
"K07E3.2",653,"K07E3.2_653"
"K07E3.3",291,"K07E3.3_291"
"K07E3.7b",479,"K07E3.7b_479"
"K07E8.7a",35,"K07E8.7a_35"
"K07F5.6",16,"K07F5.6_16"
"K07G5.4",322,"K07G5.4_322"
"K07G5.5",5,"K07G5.5_5"
"K07H8.10.1",580,"K07H8.10.1_580"
"K08A2.5a.1",120,"K08A2.5a.1_120"
"K08A8.3a",325,"K08A8.3a_325"
"K08C7.3f",2575,"K08C7.3f_2575"
"K08C7.3f",3691,"K08C7.3f_3691"
"K08D12.7",27,"K08D12.7_27"
"K08D12.7",78,"K08D12.7_78"
"K08D9.4a",28,"K08D9.4a_28"
"K08E4.1.1",35,"K08E4.1.1_35"
"K08E4.3b",88,"K08E4.3b_88"
"K08E4.7",148,"K08E4.7_148"
"K08E5.1b",59,"K08E5.1b_59"
"K08E7.3",556,"K08E7.3_556"
"K08E7.5a",1162,"K08E7.5a_1162"
"K08E7.5a",1186,"K08E7.5a_1186"
"K08E7.5a",1231,"K08E7.5a_1231"
"K08F4.5",183,"K08F4.5_183"
"K08F8.2",60,"K08F8.2_60"
"K08F8.2",335,"K08F8.2_335"
"K08F8.6",633,"K08F8.6_633"
"K08F8.6",894,"K08F8.6_894"
"K08F8.6",1136,"K08F8.6_1136"
"K08F8.7",5,"K08F8.7_5"
"K08H2.2",188,"K08H2.2_188"
"K08H2.6",93,"K08H2.6_93"
"K09C4.10",603,"K09C4.10_603"
"K09C4.6",91,"K09C4.6_91"
"K09C4.8.1",436,"K09C4.8.1_436"
"K09C4.8.1",476,"K09C4.8.1_476"
"K09C6.4a",32,"K09C6.4a_32"
"K09C6.7a",168,"K09C6.7a_168"
"K09C8.2",200,"K09C8.2_200"
"K09C8.5",1291,"K09C8.5_1291"
"K09D9.1",79,"K09D9.1_79"
"K09D9.1",288,"K09D9.1_288"
"K09E2.1",673,"K09E2.1_673"
"K09E3.6",147,"K09E3.6_147"
"K09E3.7",62,"K09E3.7_62"
"K09F5.1",157,"K09F5.1_157"
"K09F5.4",122,"K09F5.4_122"
"K09F5.5",292,"K09F5.5_292"
"K09F6.3",847,"K09F6.3_847"
"K09F6.3",1028,"K09F6.3_1028"
"K09F6.4",801,"K09F6.4_801"
"K09F6.6",18,"K09F6.6_18"
"K09G1.2",21,"K09G1.2_21"
"K09H11.3",350,"K09H11.3_350"
"K09H9.6",355,"K09H9.6_355"
"K09H9.7",133,"K09H9.7_133"
"K09H9.8",86,"K09H9.8_86"
"K10B3.10b",571,"K10B3.10b_571"
"K10B3.10b",1077,"K10B3.10b_1077"
"K10B4.4",259,"K10B4.4_259"
"K10C3.5a",869,"K10C3.5a_869"
"K10D2.1a",421,"K10D2.1a_421"
"K10D2.1a",549,"K10D2.1a_549"
"K10D3.3",130,"K10D3.3_130"
"K10G9.2",124,"K10G9.2_124"
"K10H10.5",95,"K10H10.5_95"
"K11C4.3c",689,"K11C4.3c_689"
"K11C4.3c",1749,"K11C4.3c_1749"
"K11C4.5c",3919,"K11C4.5c_3919"
"K11D12.8",107,"K11D12.8_107"
"K11E4.5b",96,"K11E4.5b_96"
"K11G12.1a",199,"K11G12.1a_199"
"K11H12.5",77,"K11H12.5_77"
"K11H3.7",197,"K11H3.7_197"
"K12C11.4a",60,"K12C11.4a_60"
"K12D12.1",28,"K12D12.1_28"
"K12D12.1",1408,"K12D12.1_1408"
"K12D12.1",1508,"K12D12.1_1508"
"K12G11.2",18,"K12G11.2_18"
"K12G11.2",650,"K12G11.2_650"
"K12H4.1",364,"K12H4.1_364"
"K12H4.3",124,"K12H4.3_124"
"K12H4.3",339,"K12H4.3_339"
"K12H4.8.1",735,"K12H4.8.1_735"
"K12H6.12",422,"K12H6.12_422"
"M01A12.1",72,"M01A12.1_72"
"M01A12.4",158,"M01A12.4_158"
"M01B12.4c",7,"M01B12.4c_7"
"M01B12.5a.1",441,"M01B12.5a.1_441"
"M01B2.6",177,"M01B2.6_177"
"M01E10.2a",2,"M01E10.2a_2"
"M01E11.2",441,"M01E11.2_441"
"M01E5.5a.1",57,"M01E5.5a.1_57"
"M01E5.5a.1",162,"M01E5.5a.1_162"
"M01F1.7",734,"M01F1.7_734"
"M01G12.12",174,"M01G12.12_174"
"M01G12.9",446,"M01G12.9_446"
"M01G5.6.1",30,"M01G5.6.1_30"
"M02A10.1",47,"M02A10.1_47"
"M02B1.3b.1",85,"M02B1.3b.1_85"
"M02B7.7",14,"M02B7.7_14"
"M02D8.2.1",108,"M02D8.2.1_108"
"M02D8.3",469,"M02D8.3_469"
"M02E1.1a",641,"M02E1.1a_641"
"M02H5.10a",320,"M02H5.10a_320"
"M02H5.6a",288,"M02H5.6a_288"
"M02H5.7",247,"M02H5.7_247"
"M03A1.6e",139,"M03A1.6e_139"
"M03C11.2.1",130,"M03C11.2.1_130"
"M03C11.3b",429,"M03C11.3b_429"
"M03C11.6",43,"M03C11.6_43"
"M03C11.7",255,"M03C11.7_255"
"M03C11.8",109,"M03C11.8_109"
"M03D4.1d.1",16,"M03D4.1d.1_16"
"M03F4.4",32,"M03F4.4_32"
"M03F8.3b",628,"M03F8.3b_628"
"M04C9.4",353,"M04C9.4_353"
"M04G12.4a",522,"M04G12.4a_522"
"M05B5.3b",79,"M05B5.3b_79"
"M05B5.3b",255,"M05B5.3b_255"
"M05D6.4",207,"M05D6.4_207"
"M106.1",804,"M106.1_804"
"M106.5",92,"M106.5_92"
"M110.4a",641,"M110.4a_641"
"M142.2.1",498,"M142.2.1_498"
"M142.2.1",565,"M142.2.1_565"
"M163.7",181,"M163.7_181"
"M176.10",291,"M176.10_291"
"M176.5",137,"M176.5_137"
"M176.9b",534,"M176.9b_534"
"M195.4a",81,"M195.4a_81"
"M195.4a",92,"M195.4a_92"
"M4.1b",434,"M4.1b_434"
"M57.1",389,"M57.1_389"
"M57.1",420,"M57.1_420"
"M88.5c",618,"M88.5c_618"
"PAR2.4a.1",695,"PAR2.4a.1_695"
"R01B10.6",271,"R01B10.6_271"
"R01H10.8",640,"R01H10.8_640"
"R02D3.4a",685,"R02D3.4a_685"
"R02D3.6",60,"R02D3.6_60"
"R02E12.4",334,"R02E12.4_334"
"R02E12.8",365,"R02E12.8_365"
"R02F11.2",185,"R02F11.2_185"
"R02F2.2",842,"R02F2.2_842"
"R03D7.4",211,"R03D7.4_211"
"R03D7.5a",290,"R03D7.5a_290"
"R03H10.1",367,"R03H10.1_367"
"R04A9.2",874,"R04A9.2_874"
"R04D3.12",309,"R04D3.12_309"
"R04D3.2",242,"R04D3.2_242"
"R04E5.2",525,"R04E5.2_525"
"R04E5.9",65,"R04E5.9_65"
"R04F11.2.1",70,"R04F11.2.1_70"
"R04F11.3",268,"R04F11.3_268"
"R04F11.4b",345,"R04F11.4b_345"
"R05D11.4.1",538,"R05D11.4.1_538"
"R05D11.4.1",569,"R05D11.4.1_569"
"R05D11.7",11,"R05D11.7_11"
"R05D3.11",661,"R05D3.11_661"
"R05D3.12a",440,"R05D3.12a_440"
"R05D3.4b",25,"R05D3.4b_25"
"R05D3.4b",218,"R05D3.4b_218"
"R05D7.3a",78,"R05D7.3a_78"
"R05D8.3",140,"R05D8.3_140"
"R05F9.9",126,"R05F9.9_126"
"R05G6.10c",17,"R05G6.10c_17"
"R05G9.3",227,"R05G9.3_227"
"R05G9R.1.1",325,"R05G9R.1.1_325"
"R05H10.2",591,"R05H10.2_591"
"R06B10.2",662,"R06B10.2_662"
"R06C1.6",141,"R06C1.6_141"
"R06C7.8",242,"R06C7.8_242"
"R06F6.14",78,"R06F6.14_78"
"R06F6.6",97,"R06F6.6_97"
"R06F6.7",106,"R06F6.7_106"
"R07B5.3a",230,"R07B5.3a_230"
"R07B5.6a",305,"R07B5.6a_305"
"R07B5.9h",3,"R07B5.9h_3"
"R07B5.9h",238,"R07B5.9h_238"
"R07B5.9h",1054,"R07B5.9h_1054"
"R07B7.13a",80,"R07B7.13a_80"
"R07B7.5",425,"R07B7.5_425"
"R07C3.3",263,"R07C3.3_263"
"R07C3.8",377,"R07C3.8_377"
"R07D5.2",713,"R07D5.2_713"
"R07E3.3a",294,"R07E3.3a_294"
"R07E4.1a",453,"R07E4.1a_453"
"R07E4.5",343,"R07E4.5_343"
"R07E4.6c",236,"R07E4.6c_236"
"R07E5.1",684,"R07E5.1_684"
"R07E5.1",773,"R07E5.1_773"
"R07E5.6",284,"R07E5.6_284"
"R07E5.6",292,"R07E5.6_292"
"R07E5.6",335,"R07E5.6_335"
"R07E5.6",415,"R07E5.6_415"
"R07G3.1",184,"R07G3.1_184"
"R07G3.3b",1697,"R07G3.3b_1697"
"R08C7.10b",133,"R08C7.10b_133"
"R08D7.1",150,"R08D7.1_150"
"R08D7.1",217,"R08D7.1_217"
"R08D7.1",389,"R08D7.1_389"
"R08D7.4a.1",17,"R08D7.4a.1_17"
"R08E3.4b",260,"R08E3.4b_260"
"R08F11.7",110,"R08F11.7_110"
"R08F11.7",165,"R08F11.7_165"
"R09A8.2",849,"R09A8.2_849"
"R09D1.1",159,"R09D1.1_159"
"R09E10.10",12,"R09E10.10_12"
"R09E10.10",45,"R09E10.10_45"
"R09E10.2",110,"R09E10.2_110"
"R09E10.2",156,"R09E10.2_156"
"R09E10.5",1351,"R09E10.5_1351"
"R09E10.7",684,"R09E10.7_684"
"R09F10.8",267,"R09F10.8_267"
"R102.11a",114,"R102.11a_114"
"R107.8",935,"R107.8_935"
"R107.8",1105,"R107.8_1105"
"R10A10.1",11,"R10A10.1_11"
"R10E11.4",223,"R10E11.4_223"
"R10E11.4",241,"R10E11.4_241"
"R10E11.6a",181,"R10E11.6a_181"
"R10E11.9",100,"R10E11.9_100"
"R10E4.3",265,"R10E4.3_265"
"R10E8.3",55,"R10E8.3_55"
"R10F2.4",53,"R10F2.4_53"
"R10F2.4",81,"R10F2.4_81"
"R10F2.6",39,"R10F2.6_39"
"R11.3",441,"R11.3_441"
"R119.5a",514,"R119.5a_514"
"R119.7a",302,"R119.7a_302"
"R11A5.3",121,"R11A5.3_121"
"R11A5.6",74,"R11A5.6_74"
"R11A8.1",58,"R11A8.1_58"
"R11A8.2",58,"R11A8.2_58"
"R11D1.10a",226,"R11D1.10a_226"
"R11D1.11",203,"R11D1.11_203"
"R11D1.1b",504,"R11D1.1b_504"
"R11E3.4",118,"R11E3.4_118"
"R11G1.1",907,"R11G1.1_907"
"R11G1.1",1342,"R11G1.1_1342"
"R11G11.2",363,"R11G11.2_363"
"R11G11.9",317,"R11G11.9_317"
"R11H6.3c",29,"R11H6.3c_29"
"R12B2.7",65,"R12B2.7_65"
"R12C12.2",275,"R12C12.2_275"
"R12C12.5",29,"R12C12.5_29"
"R12C12.5",84,"R12C12.5_84"
"R12C12.6a",182,"R12C12.6a_182"
"R12E2.2",89,"R12E2.2_89"
"R12E2.4a",155,"R12E2.4a_155"
"R13.2",152,"R13.2_152"
"R13.4a",114,"R13.4a_114"
"R13A1.4c",226,"R13A1.4c_226"
"R13F6.6c",695,"R13F6.6c_695"
"R13H4.8",139,"R13H4.8_139"
"R144.1",445,"R144.1_445"
"R144.5",423,"R144.5_423"
"R144.7b.1",947,"R144.7b.1_947"
"R151.5a",38,"R151.5a_38"
"R151.8",461,"R151.8_461"
"R151.8",728,"R151.8_728"
"R155.2",701,"R155.2_701"
"R17.2",39,"R17.2_39"
"R186.5",430,"R186.5_430"
"R193.3",24,"R193.3_24"
"R31.1a",224,"R31.1a_224"
"R53.1a.1",295,"R53.1a.1_295"
"R53.8",4,"R53.8_4"
"R74.1.1",408,"R74.1.1_408"
"R74.2",270,"R74.2_270"
"R74.6",169,"R74.6_169"
"R74.8a.1",189,"R74.8a.1_189"
"R90.1",760,"R90.1_760"
"SSSD1.1",602,"SSSD1.1_602"
"T01A4.1c",573,"T01A4.1c_573"
"T01B11.1",41,"T01B11.1_41"
"T01B11.2a.1",32,"T01B11.2a.1_32"
"T01B7.5a.1",85,"T01B7.5a.1_85"
"T01B7.8",135,"T01B7.8_135"
"T01C1.2",387,"T01C1.2_387"
"T01C2.1",75,"T01C2.1_75"
"T01C3.1",539,"T01C3.1_539"
"T01C3.10a",956,"T01C3.10a_956"
"T01C4.4",279,"T01C4.4_279"
"T01C8.7.1",753,"T01C8.7.1_753"
"T01D3.4a",216,"T01D3.4a_216"
"T01D3.4a",282,"T01D3.4a_282"
"T01D3.5.1",139,"T01D3.5.1_139"
"T01E8.2",21,"T01E8.2_21"
"T01G1.1a",1109,"T01G1.1a_1109"
"T01G6.2a",91,"T01G6.2a_91"
"T01H8.5a",135,"T01H8.5a_135"
"T01H8.5a",1188,"T01H8.5a_1188"
"T02B11.7",118,"T02B11.7_118"
"T02C12.3",89,"T02C12.3_89"
"T02C5.5e",556,"T02C5.5e_556"
"T02D1.5",16,"T02D1.5_16"
"T02D1.6a",120,"T02D1.6a_120"
"T02G6.11",95,"T02G6.11_95"
"T02H6.1a",21,"T02H6.1a_21"
"T03D8.1d",159,"T03D8.1d_159"
"T03D8.3",178,"T03D8.3_178"
"T03F7.1",425,"T03F7.1_425"
"T03G11.1c",544,"T03G11.1c_544"
"T03G6.2c",115,"T03G6.2c_115"
"T04A11.6",776,"T04A11.6_776"
"T04A11.8",313,"T04A11.8_313"
"T04A8.11",196,"T04A8.11_196"
"T04A8.14",244,"T04A8.14_244"
"T04B2.3a",328,"T04B2.3a_328"
"T04B2.5.1",463,"T04B2.5.1_463"
"T04C10.3",248,"T04C10.3_248"
"T04C10.4.1",158,"T04C10.4.1_158"
"T04C4.1a",12,"T04C4.1a_12"
"T04C4.1a",136,"T04C4.1a_136"
"T04C4.1a",214,"T04C4.1a_214"
"T04C9.2",3,"T04C9.2_3"
"T04D1.4",918,"T04D1.4_918"
"T04D3.1",368,"T04D3.1_368"
"T04D3.2",393,"T04D3.2_393"
"T04D3.2",514,"T04D3.2_514"
"T04D3.5.1",36,"T04D3.5.1_36"
"T04F3.1a",592,"T04F3.1a_592"
"T04F3.1a",2648,"T04F3.1a_2648"
"T04F8.6",463,"T04F8.6_463"
"T04G9.1a",1461,"T04G9.1a_1461"
"T04G9.1a",1606,"T04G9.1a_1606"
"T04H1.5",154,"T04H1.5_154"
"T05A1.5a",282,"T05A1.5a_282"
"T05A10.1m",596,"T05A10.1m_596"
"T05A12.1",282,"T05A12.1_282"
"T05A12.3.1",56,"T05A12.3.1_56"
"T05A12.4.1",816,"T05A12.4.1_816"
"T05A6.2b",163,"T05A6.2b_163"
"T05A7.6",610,"T05A7.6_610"
"T05C1.4a",1114,"T05C1.4a_1114"
"T05C12.6a",568,"T05C12.6a_568"
"T05C3.5.1",135,"T05C3.5.1_135"
"T05C3.7",322,"T05C3.7_322"
"T05D4.5",18,"T05D4.5_18"
"T05D4.5",407,"T05D4.5_407"
"T05D4.5",415,"T05D4.5_415"
"T05D4.5",423,"T05D4.5_423"
"T05D4.5",456,"T05D4.5_456"
"T05D4.5",464,"T05D4.5_464"
"T05E11.2b",43,"T05E11.2b_43"
"T05E12.4",231,"T05E12.4_231"
"T05F1.11",437,"T05F1.11_437"
"T05F1.11",444,"T05F1.11_444"
"T05F1.11",453,"T05F1.11_453"
"T05F1.11",471,"T05F1.11_471"
"T05F1.6",690,"T05F1.6_690"
"T05F1.6",891,"T05F1.6_891"
"T05F1.7",84,"T05F1.7_84"
"T05G5.5d",188,"T05G5.5d_188"
"T05G5.7a.1",24,"T05G5.7a.1_24"
"T05H4.2",178,"T05H4.2_178"
"T06A10.1a",793,"T06A10.1a_793"
"T06A10.4a.1",136,"T06A10.4a.1_136"
"T06A10.4a.1",158,"T06A10.4a.1_158"
"T06A10.4a.1",244,"T06A10.4a.1_244"
"T06C10.6",418,"T06C10.6_418"
"T06C12.13a",108,"T06C12.13a_108"
"T06C12.6",108,"T06C12.6_108"
"T06D10.1.1",150,"T06D10.1.1_150"
"T06D10.2",160,"T06D10.2_160"
"T06D10.2",177,"T06D10.2_177"
"T06D10.2",210,"T06D10.2_210"
"T06D8.2",681,"T06D8.2_681"
"T06E6.10",92,"T06E6.10_92"
"T06E6.8",314,"T06E6.8_314"
"T06G6.12",68,"T06G6.12_68"
"T06G6.5a",111,"T06G6.5a_111"
"T06H11.1a",514,"T06H11.1a_514"
"T06H11.5",20,"T06H11.5_20"
"T07A9.14",92,"T07A9.14_92"
"T07A9.8",3,"T07A9.8_3"
"T07A9.8",97,"T07A9.8_97"
"T07C12.11",245,"T07C12.11_245"
"T07C12.14",7,"T07C12.14_7"
"T07C12.6",230,"T07C12.6_230"
"T07C12.7",142,"T07C12.7_142"
"T07C4.1.1",260,"T07C4.1.1_260"
"T07C4.10",304,"T07C4.10_304"
"T07C4.10",883,"T07C4.10_883"
"T07C4.10",963,"T07C4.10_963"
"T07C4.6",199,"T07C4.6_199"
"T07D10.2",77,"T07D10.2_77"
"T07D3.4a",6,"T07D3.4a_6"
"T07E3.2",26,"T07E3.2_26"
"T07F8.1",4,"T07F8.1_4"
"T07F8.2",319,"T07F8.2_319"
"T07G12.11a",269,"T07G12.11a_269"
"T07G12.6b",270,"T07G12.6b_270"
"T07H6.5b",572,"T07H6.5b_572"
"T08B1.1b",39,"T08B1.1b_39"
"T08B1.2c",159,"T08B1.2c_159"
"T08B2.11",103,"T08B2.11_103"
"T08B2.5b",153,"T08B2.5b_153"
"T08B2.5b",184,"T08B2.5b_184"
"T08B2.7a",430,"T08B2.7a_430"
"T08B2.9a.1",216,"T08B2.9a.1_216"
"T08D10.1",349,"T08D10.1_349"
"T08D2.7",6,"T08D2.7_6"
"T08G11.1a",346,"T08G11.1a_346"
"T08G11.1a",834,"T08G11.1a_834"
"T08G11.1a",2296,"T08G11.1a_2296"
"T08G11.1a",2651,"T08G11.1a_2651"
"T08G11.4a.1",112,"T08G11.4a.1_112"
"T08G3.8",233,"T08G3.8_233"
"T08H4.1c",104,"T08H4.1c_104"
"T09A5.5",78,"T09A5.5_78"
"T09B4.3b",55,"T09B4.3b_55"
"T09D3.2",53,"T09D3.2_53"
"T09D3.6",53,"T09D3.6_53"
"T10B10.5",332,"T10B10.5_332"
"T10B10.7",82,"T10B10.7_82"
"T10B10.7",769,"T10B10.7_769"
"T10B11.2",540,"T10B11.2_540"
"T10B11.4",298,"T10B11.4_298"
"T10B11.7a",93,"T10B11.7a_93"
"T10B11.7a",337,"T10B11.7a_337"
"T10B9.9",121,"T10B9.9_121"
"T10C6.11",25,"T10C6.11_25"
"T10D4.6a",389,"T10D4.6a_389"
"T10E9.2",703,"T10E9.2_703"
"T10G3.2",45,"T10G3.2_45"
"T10G3.3",93,"T10G3.3_93"
"T10H10.1",120,"T10H10.1_120"
"T10H10.1",827,"T10H10.1_827"
"T10H4.3",229,"T10H4.3_229"
"T10H4.5",255,"T10H4.5_255"
"T10H4.6",255,"T10H4.6_255"
"T10H4.8",254,"T10H4.8_254"
"T10H9.2",2,"T10H9.2_2"
"T10H9.2",272,"T10H9.2_272"
"T11B7.5",176,"T11B7.5_176"
"T11F8.4",406,"T11F8.4_406"
"T11F8.4",412,"T11F8.4_412"
"T11F8.5",45,"T11F8.5_45"
"T11F9.2b",145,"T11F9.2b_145"
"T11F9.7",171,"T11F9.7_171"
"T11G6.4",451,"T11G6.4_451"
"T11G6.5a",14,"T11G6.5a_14"
"T12A2.2.1",714,"T12A2.2.1_714"
"T12A2.8.1",96,"T12A2.8.1_96"
"T12A2.8.1",272,"T12A2.8.1_272"
"T12C9.3",145,"T12C9.3_145"
"T12C9.3",379,"T12C9.3_379"
"T12D8.1",1381,"T12D8.1_1381"
"T12D8.9b",218,"T12D8.9b_218"
"T12D8.9b",579,"T12D8.9b_579"
"T12D8.9b",589,"T12D8.9b_589"
"T12E12.2",158,"T12E12.2_158"
"T12E12.4b.1",79,"T12E12.4b.1_79"
"T12F5.4",315,"T12F5.4_315"
"T12F5.4",389,"T12F5.4_389"
"T12F5.5a",626,"T12F5.5a_626"
"T12G3.4.1",9,"T12G3.4.1_9"
"T13A10.5a",255,"T13A10.5a_255"
"T13B5.3",43,"T13B5.3_43"
"T13C2.3b",448,"T13C2.3b_448"
"T13C2.7",227,"T13C2.7_227"
"T13C5.4",44,"T13C5.4_44"
"T13F2.7",554,"T13F2.7_554"
"T13F3.8",182,"T13F3.8_182"
"T13G4.3",102,"T13G4.3_102"
"T13H2.4a",222,"T13H2.4a_222"
"T13H2.4a",1465,"T13H2.4a_1465"
"T13H2.4a",1478,"T13H2.4a_1478"
"T13H2.5a",786,"T13H2.5a_786"
"T13H2.5a",1678,"T13H2.5a_1678"
"T13H2.5a",2370,"T13H2.5a_2370"
"T14A8.1",21,"T14A8.1_21"
"T14A8.1",371,"T14A8.1_371"
"T14B4.1",919,"T14B4.1_919"
"T14E8.2",228,"T14E8.2_228"
"T14G8.1",59,"T14G8.1_59"
"T14G8.3a",857,"T14G8.3a_857"
"T15H9.7a",153,"T15H9.7a_153"
"T16H12.13",20,"T16H12.13_20"
"T16H12.9",153,"T16H12.9_153"
"T17E9.1a.1",598,"T17E9.1a.1_598"
"T18D3.1",285,"T18D3.1_285"
"T18D3.1",481,"T18D3.1_481"
"T18D3.4",817,"T18D3.4_817"
"T18D3.6",234,"T18D3.6_234"
"T18H9.7a",109,"T18H9.7a_109"
"T19A5.3a",131,"T19A5.3a_131"
"T19A5.4",113,"T19A5.4_113"
"T19A6.2a",346,"T19A6.2a_346"
"T19A6.2a",643,"T19A6.2a_643"
"T19B10.11",39,"T19B10.11_39"
"T19D12.5",95,"T19D12.5_95"
"T19D2.1",916,"T19D2.1_916"
"T19H12.3",95,"T19H12.3_95"
"T19H5.3",340,"T19H5.3_340"
"T20B12.3",183,"T20B12.3_183"
"T20B12.7",170,"T20B12.7_170"
"T20B12.8.1",478,"T20B12.8.1_478"
"T20B12.8.1",523,"T20B12.8.1_523"
"T20B3.2.1",57,"T20B3.2.1_57"
"T20F5.7",288,"T20F5.7_288"
"T20G5.6.1",149,"T20G5.6.1_149"
"T20H4.2",40,"T20H4.2_40"
"T20H4.2",98,"T20H4.2_98"
"T21B10.3",438,"T21B10.3_438"
"T21B10.6",275,"T21B10.6_275"
"T21B4.17",119,"T21B4.17_119"
"T21B4.4a",115,"T21B4.4a_115"
"T21B4.5",324,"T21B4.5_324"
"T21B4.6",324,"T21B4.6_324"
"T21B6.3",148,"T21B6.3_148"
"T21C12.1e.1",350,"T21C12.1e.1_350"
"T21C9.12",158,"T21C9.12_158"
"T21D12.11",324,"T21D12.11_324"
"T21D12.15",546,"T21D12.15_546"
"T21D12.4",30,"T21D12.4_30"
"T21D12.7",641,"T21D12.7_641"
"T21E12.4a.1",435,"T21E12.4a.1_435"
"T21E12.4a.1",1763,"T21E12.4a.1_1763"
"T21F2.1a",64,"T21F2.1a_64"
"T21F2.1a",387,"T21F2.1a_387"
"T21F2.1a",440,"T21F2.1a_440"
"T21H8.1h",600,"T21H8.1h_600"
"T21H8.2",309,"T21H8.2_309"
"T22A3.8",3095,"T22A3.8_3095"
"T22B7.1a.1",3,"T22B7.1a.1_3"
"T22C1.11",6,"T22C1.11_6"
"T22C1.11",148,"T22C1.11_148"
"T22C1.5",168,"T22C1.5_168"
"T22C1.5",191,"T22C1.5_191"
"T22C1.7",205,"T22C1.7_205"
"T22C1.7",741,"T22C1.7_741"
"T22C1.8.1",61,"T22C1.8.1_61"
"T22C8.4",105,"T22C8.4_105"
"T22C8.4",189,"T22C8.4_189"
"T22C8.5",51,"T22C8.5_51"
"T22C8.7a",94,"T22C8.7a_94"
"T22D1.1",470,"T22D1.1_470"
"T22D1.8",397,"T22D1.8_397"
"T22E5.5.1",131,"T22E5.5.1_131"
"T22E5.6",135,"T22E5.6_135"
"T22F3.4a",150,"T22F3.4a_150"
"T22F7.1",38,"T22F7.1_38"
"T22F7.3",110,"T22F7.3_110"
"T22H2.6a",160,"T22H2.6a_160"
"T22H6.7",192,"T22H6.7_192"
"T22H9.3",127,"T22H9.3_127"
"T22H9.4.1",82,"T22H9.4.1_82"
"T22H9.4.1",180,"T22H9.4.1_180"
"T23B12.7",94,"T23B12.7_94"
"T23B12.7",130,"T23B12.7_130"
"T23B12.7",222,"T23B12.7_222"
"T23C6.5",246,"T23C6.5_246"
"T23D8.4.1",262,"T23D8.4.1_262"
"T23E1.3a",77,"T23E1.3a_77"
"T23E7.2a",984,"T23E7.2a_984"
"T23F11.4",297,"T23F11.4_297"
"T23F6.1",139,"T23F6.1_139"
"T23F6.4a.1",386,"T23F6.4a.1_386"
"T23G11.4",201,"T23G11.4_201"
"T23G11.5a",7,"T23G11.5a_7"
"T23G5.2a.1",88,"T23G5.2a.1_88"
"T23G5.6.1",158,"T23G5.6.1_158"
"T23G7.5a",202,"T23G7.5a_202"
"T23H2.2",40,"T23H2.2_40"
"T23H2.3",703,"T23H2.3_703"
"T23H4.2",85,"T23H4.2_85"
"T24A6.11",132,"T24A6.11_132"
"T24A6.15",46,"T24A6.15_46"
"T24A6.18",79,"T24A6.18_79"
"T24A6.19",63,"T24A6.19_63"
"T24A6.3",47,"T24A6.3_47"
"T24B8.4a",435,"T24B8.4a_435"
"T24C12.1",43,"T24C12.1_43"
"T24C4.7",752,"T24C4.7_752"
"T24C4.7",763,"T24C4.7_763"
"T24D1.3.1",9,"T24D1.3.1_9"
"T24D1.3.1",94,"T24D1.3.1_94"
"T24D1.3.1",188,"T24D1.3.1_188"
"T24D11.1e",741,"T24D11.1e_741"
"T24D5.3",15,"T24D5.3_15"
"T24D8.1",419,"T24D8.1_419"
"T24E12.1",208,"T24E12.1_208"
"T24E12.10",124,"T24E12.10_124"
"T24E12.10",1180,"T24E12.10_1180"
"T24E12.2",231,"T24E12.2_231"
"T24E12.3",181,"T24E12.3_181"
"T24G10.2",178,"T24G10.2_178"
"T24G10.2",290,"T24G10.2_290"
"T24H10.7a",30,"T24H10.7a_30"
"T25B6.7",884,"T25B6.7_884"
"T25D1.2",379,"T25D1.2_379"
"T25F10.2.1",233,"T25F10.2.1_233"
"T26A5.5a",570,"T26A5.5a_570"
"T26A5.5a",767,"T26A5.5a_767"
"T26A5.5a",797,"T26A5.5a_797"
"T26A8.4",124,"T26A8.4_124"
"T26C11.5",138,"T26C11.5_138"
"T26C11.6",386,"T26C11.6_386"
"T26C5.2",591,"T26C5.2_591"
"T26E3.10",39,"T26E3.10_39"
"T26G10.1",445,"T26G10.1_445"
"T26G10.1",483,"T26G10.1_483"
"T26G10.8",61,"T26G10.8_61"
"T26G10.9",61,"T26G10.9_61"
"T26H2.3",192,"T26H2.3_192"
"T27A3.4",85,"T27A3.4_85"
"T27A3.6",126,"T27A3.6_126"
"T27A8.7",8,"T27A8.7_8"
"T27B7.1a",180,"T27B7.1a_180"
"T27D1.1",176,"T27D1.1_176"
"T27E7.1",197,"T27E7.1_197"
"T27E9.6",182,"T27E9.6_182"
"T28A11.2",88,"T28A11.2_88"
"T28A11.25",141,"T28A11.25_141"
"T28B8.5",498,"T28B8.5_498"
"T28C12.3",198,"T28C12.3_198"
"T28C6.11",34,"T28C6.11_34"
"T28D6.4",332,"T28D6.4_332"
"T28D9.7",928,"T28D9.7_928"
"T28F12.1",420,"T28F12.1_420"
"T28F2.6",405,"T28F2.6_405"
"T28F2.7",579,"T28F2.7_579"
"T28F4.2",542,"T28F4.2_542"
"T28F4.3",354,"T28F4.3_354"
"T28F4.4b",11,"T28F4.4b_11"
"T28F4.4b",512,"T28F4.4b_512"
"VC5.3a",145,"VC5.3a_145"
"VC5.3a",269,"VC5.3a_269"
"VC5.3a",393,"VC5.3a_393"
"VC5.3a",641,"VC5.3a_641"
"VC5.3a",765,"VC5.3a_765"
"VC5.3a",890,"VC5.3a_890"
"VC5.3a",1286,"VC5.3a_1286"
"VC5.4",119,"VC5.4_119"
"VY10G11R.1",6,"VY10G11R.1_6"
"VY10G11R.1",45,"VY10G11R.1_45"
"W01A11.3a",363,"W01A11.3a_363"
"W01B11.1",76,"W01B11.1_76"
"W01B11.5d",6,"W01B11.5d_6"
"W01B6.6",30,"W01B6.6_30"
"W01C8.4b",89,"W01C8.4b_89"
"W01C8.4b",173,"W01C8.4b_173"
"W01F3.1a",465,"W01F3.1a_465"
"W02A11.4",545,"W02A11.4_545"
"W02B12.11.1",327,"W02B12.11.1_327"
"W02B12.2",266,"W02B12.2_266"
"W02B8.3",126,"W02B8.3_126"
"W02B8.4",145,"W02B8.4_145"
"W02B8.4",269,"W02B8.4_269"
"W02B8.6",122,"W02B8.6_122"
"W02B8.6",282,"W02B8.6_282"
"W02C12.3c",262,"W02C12.3c_262"
"W02C12.3c",273,"W02C12.3c_273"
"W02D3.10a",280,"W02D3.10a_280"
"W02D3.10a",1012,"W02D3.10a_1012"
"W02D9.3",220,"W02D9.3_220"
"W02G9.3",6,"W02G9.3_6"
"W02H5.11a",330,"W02H5.11a_330"
"W02H5.16a",315,"W02H5.16a_315"
"W03A5.3",68,"W03A5.3_68"
"W03A5.7",65,"W03A5.7_65"
"W03B1.5",238,"W03B1.5_238"
"W03B1.9",290,"W03B1.9_290"
"W03D8.2b",353,"W03D8.2b_353"
"W03D8.5",20,"W03D8.5_20"
"W03F11.4",697,"W03F11.4_697"
"W03F11.4",1270,"W03F11.4_1270"
"W03F11.6c",201,"W03F11.6c_201"
"W03F8.1.1",44,"W03F8.1.1_44"
"W03F9.10",33,"W03F9.10_33"
"W03F9.10",572,"W03F9.10_572"
"W03G1.2",19,"W03G1.2_19"
"W03G1.5",151,"W03G1.5_151"
"W03G1.6c",681,"W03G1.6c_681"
"W03G11.1a",4,"W03G11.1a_4"
"W03G11.4.1",129,"W03G11.4.1_129"
"W03H9.2b",8,"W03H9.2b_8"
"W04A4.6",50,"W04A4.6_50"
"W04A4.6",59,"W04A4.6_59"
"W04A8.1a",314,"W04A8.1a_314"
"W04D12.1",60,"W04D12.1_60"
"W04D2.6c.1",292,"W04D2.6c.1_292"
"W04E12.1",59,"W04E12.1_59"
"W04G3.4",214,"W04G3.4_214"
"W05B5.1g",216,"W05B5.1g_216"
"W05F2.4a",778,"W05F2.4a_778"
"W05F2.4a",879,"W05F2.4a_879"
"W05F2.8a",12,"W05F2.8a_12"
"W05G11.3.1",294,"W05G11.3.1_294"
"W05H5.7",230,"W05H5.7_230"
"W05H7.1",90,"W05H7.1_90"
"W05H7.1",101,"W05H7.1_101"
"W06D12.1",90,"W06D12.1_90"
"W06D12.2",188,"W06D12.2_188"
"W06D4.6",25,"W06D4.6_25"
"W06E11.1",171,"W06E11.1_171"
"W06E11.1",213,"W06E11.1_213"
"W06E11.2",3,"W06E11.2_3"
"W06F12.2e",346,"W06F12.2e_346"
"W06F12.2e",471,"W06F12.2e_471"
"W06H12.1",341,"W06H12.1_341"
"W06H8.1b",274,"W06H8.1b_274"
"W06H8.1b",606,"W06H8.1b_606"
"W06H8.8g",10202,"W06H8.8g_10202"
"W06H8.8g",11252,"W06H8.8g_11252"
"W06H8.8g",11555,"W06H8.8g_11555"
"W06H8.8g",11802,"W06H8.8g_11802"
"W06H8.8g",12390,"W06H8.8g_12390"
"W06H8.8g",12705,"W06H8.8g_12705"
"W06H8.8g",15178,"W06H8.8g_15178"
"W06H8.8g",16174,"W06H8.8g_16174"
"W07A8.2c",220,"W07A8.2c_220"
"W07B3.2b.1",180,"W07B3.2b.1_180"
"W07B3.2b.1",312,"W07B3.2b.1_312"
"W07B3.2b.1",403,"W07B3.2b.1_403"
"W07E6.1a",5,"W07E6.1a_5"
"W07E6.1a",39,"W07E6.1a_39"
"W07E6.1a",599,"W07E6.1a_599"
"W07E6.1a",655,"W07E6.1a_655"
"W07G1.1",247,"W07G1.1_247"
"W07G1.1",253,"W07G1.1_253"
"W07G1.3.1",247,"W07G1.3.1_247"
"W08A12.1a",318,"W08A12.1a_318"
"W08A12.1a",409,"W08A12.1a_409"
"W08D2.5a",1155,"W08D2.5a_1155"
"W08D2.6",354,"W08D2.6_354"
"W08E12.7.1",376,"W08E12.7.1_376"
"W08F4.2",270,"W08F4.2_270"
"W09B6.3a",347,"W09B6.3a_347"
"W09B6.5",22,"W09B6.5_22"
"W09C2.3a",1236,"W09C2.3a_1236"
"W09C5.2",360,"W09C5.2_360"
"W09G10.4a",679,"W09G10.4a_679"
"W09G10.4a",698,"W09G10.4a_698"
"W09G10.4a",781,"W09G10.4a_781"
"W09G10.4a",799,"W09G10.4a_799"
"W09G10.4a",908,"W09G10.4a_908"
"W09G10.4a",926,"W09G10.4a_926"
"W09G12.7",88,"W09G12.7_88"
"W09H1.5",220,"W09H1.5_220"
"W10C8.2",275,"W10C8.2_275"
"W10D5.2.1",188,"W10D5.2.1_188"
"W10D9.4a",400,"W10D9.4a_400"
"W10G6.1",13,"W10G6.1_13"
"W10G6.6",61,"W10G6.6_61"
"Y102E9.6",42,"Y102E9.6_42"
"Y102F5A.1",287,"Y102F5A.1_287"
"Y105C5A.1",762,"Y105C5A.1_762"
"Y105C5A.1269",6,"Y105C5A.1269_6"
"Y105C5A.15c",760,"Y105C5A.15c_760"
"Y105C5B.11b",508,"Y105C5B.11b_508"
"Y105C5B.16a",354,"Y105C5B.16a_354"
"Y105C5B.21e",942,"Y105C5B.21e_942"
"Y105C5B.3",280,"Y105C5B.3_280"
"Y105C5B.8a",335,"Y105C5B.8a_335"
"Y105E8A.10a",39,"Y105E8A.10a_39"
"Y105E8A.12a",39,"Y105E8A.12a_39"
"Y105E8A.17b",204,"Y105E8A.17b_204"
"Y105E8A.17b",448,"Y105E8A.17b_448"
"Y105E8A.21a",313,"Y105E8A.21a_313"
"Y105E8A.21a",499,"Y105E8A.21a_499"
"Y105E8A.21a",812,"Y105E8A.21a_812"
"Y105E8A.6",190,"Y105E8A.6_190"
"Y105E8A.6",243,"Y105E8A.6_243"
"Y105E8A.7a",838,"Y105E8A.7a_838"
"Y105E8B.3",143,"Y105E8B.3_143"
"Y105E8B.3",462,"Y105E8B.3_462"
"Y105E8B.7",139,"Y105E8B.7_139"
"Y106G6D.3",96,"Y106G6D.3_96"
"Y106G6D.3",182,"Y106G6D.3_182"
"Y106G6D.3",259,"Y106G6D.3_259"
"Y106G6H.1",149,"Y106G6H.1_149"
"Y106G6H.12a",794,"Y106G6H.12a_794"
"Y106G6H.12a",813,"Y106G6H.12a_813"
"Y108G3AL.7b",316,"Y108G3AL.7b_316"
"Y108G3AL.7b",772,"Y108G3AL.7b_772"
"Y108G3AL.7b",806,"Y108G3AL.7b_806"
"Y108G3AL.7b",1490,"Y108G3AL.7b_1490"
"Y110A2AL.8c.1",1331,"Y110A2AL.8c.1_1331"
"Y110A7A.12",497,"Y110A7A.12_497"
"Y110A7A.16",1121,"Y110A7A.16_1121"
"Y110A7A.17a",521,"Y110A7A.17a_521"
"Y110A7A.1b",171,"Y110A7A.1b_171"
"Y110A7A.1b",1566,"Y110A7A.1b_1566"
"Y110A7A.1b",1628,"Y110A7A.1b_1628"
"Y111B2A.1",72,"Y111B2A.1_72"
"Y111B2A.10a",186,"Y111B2A.10a_186"
"Y111B2A.11.1",389,"Y111B2A.11.1_389"
"Y111B2A.14c.1",261,"Y111B2A.14c.1_261"
"Y111B2A.14c.1",970,"Y111B2A.14c.1_970"
"Y111B2A.16",159,"Y111B2A.16_159"
"Y111B2A.16",167,"Y111B2A.16_167"
"Y111B2A.22a",1673,"Y111B2A.22a_1673"
"Y113G7A.10",184,"Y113G7A.10_184"
"Y113G7B.23c",7,"Y113G7B.23c_7"
"Y113G7B.24a",114,"Y113G7B.24a_114"
"Y113G7C.1",872,"Y113G7C.1_872"
"Y113G7C.1",1022,"Y113G7C.1_1022"
"Y113G7C.1",1071,"Y113G7C.1_1071"
"Y116A8C.23",19,"Y116A8C.23_19"
"Y116A8C.32a",80,"Y116A8C.32a_80"
"Y116A8C.32a",130,"Y116A8C.32a_130"
"Y116A8C.36d",308,"Y116A8C.36d_308"
"Y116A8C.36d",369,"Y116A8C.36d_369"
"Y116A8C.36d",509,"Y116A8C.36d_509"
"Y116F11A.3",116,"Y116F11A.3_116"
"Y119C1B.10a",191,"Y119C1B.10a_191"
"Y119C1B.8a",631,"Y119C1B.8a_631"
"Y119D3B.12a.1",259,"Y119D3B.12a.1_259"
"Y119D3B.18",190,"Y119D3B.18_190"
"Y11D7A.13",53,"Y11D7A.13_53"
"Y11D7A.14",785,"Y11D7A.14_785"
"Y11D7A.14",1087,"Y11D7A.14_1087"
"Y11D7A.7",125,"Y11D7A.7_125"
"Y16E11A.2",108,"Y16E11A.2_108"
"Y17D7B.2",55,"Y17D7B.2_55"
"Y17D7B.2",187,"Y17D7B.2_187"
"Y17G7B.12",66,"Y17G7B.12_66"
"Y17G7B.17.1",287,"Y17G7B.17.1_287"
"Y17G7B.18b",58,"Y17G7B.18b_58"
"Y17G7B.23a",219,"Y17G7B.23a_219"
"Y17G7B.9",180,"Y17G7B.9_180"
"Y17G7B.9",477,"Y17G7B.9_477"
"Y18D10A.21",212,"Y18D10A.21_212"
"Y18H1A.10",390,"Y18H1A.10_390"
"Y18H1A.2",255,"Y18H1A.2_255"
"Y19D10A.6",43,"Y19D10A.6_43"
"Y22D7AR.2",934,"Y22D7AR.2_934"
"Y22D7AR.7",335,"Y22D7AR.7_335"
"Y23H5A.7a",828,"Y23H5A.7a_828"
"Y23H5B.6a",19,"Y23H5B.6a_19"
"Y23H5B.6a",43,"Y23H5B.6a_43"
"Y23H5B.6a",319,"Y23H5B.6a_319"
"Y26D4A.21",91,"Y26D4A.21_91"
"Y27F2A.8",109,"Y27F2A.8_109"
"Y2H9A.1",283,"Y2H9A.1_283"
"Y2H9A.1",576,"Y2H9A.1_576"
"Y2H9A.4b",416,"Y2H9A.4b_416"
"Y2H9A.6b",291,"Y2H9A.6b_291"
"Y32B12B.2a",785,"Y32B12B.2a_785"
"Y32G9A.6d",431,"Y32G9A.6d_431"
"Y32G9A.6d",600,"Y32G9A.6d_600"
"Y32H12A.4",155,"Y32H12A.4_155"
"Y32H12A.8.1",1034,"Y32H12A.8.1_1034"
"Y32H12A.8.1",1239,"Y32H12A.8.1_1239"
"Y34B4A.10.1",246,"Y34B4A.10.1_246"
"Y34B4A.3",164,"Y34B4A.3_164"
"Y34D9A.3a",2,"Y34D9A.3a_2"
"Y37A1B.17a",647,"Y37A1B.17a_647"
"Y37A1B.1a",851,"Y37A1B.1a_851"
"Y37A1B.1a",1084,"Y37A1B.1a_1084"
"Y37A1B.2b",32,"Y37A1B.2b_32"
"Y37D8A.21",97,"Y37D8A.21_97"
"Y37D8A.22",413,"Y37D8A.22_413"
"Y37D8A.8",126,"Y37D8A.8_126"
"Y37E11AL.3a.1",23,"Y37E11AL.3a.1_23"
"Y37E11AL.8.1",596,"Y37E11AL.8.1_596"
"Y37E11B.4",636,"Y37E11B.4_636"
"Y37E3.11i",181,"Y37E3.11i_181"
"Y37H2A.14",49,"Y37H2A.14_49"
"Y38A8.3a.1",286,"Y38A8.3a.1_286"
"Y38C1AA.12a",83,"Y38C1AA.12a_83"
"Y38C1AA.4a",95,"Y38C1AA.4a_95"
"Y38C1AA.5b",523,"Y38C1AA.5b_523"
"Y38C1AB.4",474,"Y38C1AB.4_474"
"Y38C1AB.8b",673,"Y38C1AB.8b_673"
"Y38E10A.17",29,"Y38E10A.17_29"
"Y38E10A.20",100,"Y38E10A.20_100"
"Y38E10A.21a",18,"Y38E10A.21a_18"
"Y38E10A.6b",155,"Y38E10A.6b_155"
"Y38E10A.6b",233,"Y38E10A.6b_233"
"Y38E10A.6b",284,"Y38E10A.6b_284"
"Y38E10A.6b",389,"Y38E10A.6b_389"
"Y38E10A.6b",484,"Y38E10A.6b_484"
"Y38E10A.6b",1064,"Y38E10A.6b_1064"
"Y38F2AR.5a",854,"Y38F2AR.5a_854"
"Y38H6A.3",139,"Y38H6A.3_139"
"Y38H6C.5",381,"Y38H6C.5_381"
"Y38H6C.5",663,"Y38H6C.5_663"
"Y38H8A.7",13,"Y38H8A.7_13"
"Y39A1A.15a",748,"Y39A1A.15a_748"
"Y39A1A.16",319,"Y39A1A.16_319"
"Y39A1A.23a",473,"Y39A1A.23a_473"
"Y39A1B.3",824,"Y39A1B.3_824"
"Y39A3CL.5a",79,"Y39A3CL.5a_79"
"Y39A3CL.5a",160,"Y39A3CL.5a_160"
"Y39A3CR.6",29,"Y39A3CR.6_29"
"Y39A3CR.6",274,"Y39A3CR.6_274"
"Y39A3CR.7",206,"Y39A3CR.7_206"
"Y39B6A.10",163,"Y39B6A.10_163"
"Y39B6A.12b",242,"Y39B6A.12b_242"
"Y39B6A.14",314,"Y39B6A.14_314"
"Y39B6A.14",572,"Y39B6A.14_572"
"Y39B6A.14",718,"Y39B6A.14_718"
"Y39B6A.33",290,"Y39B6A.33_290"
"Y39B6A.40a",65,"Y39B6A.40a_65"
"Y39B6A.48a",39,"Y39B6A.48a_39"
"Y39D8C.1",1182,"Y39D8C.1_1182"
"Y39E4A.3b",383,"Y39E4A.3b_383"
"Y39E4B.13",24,"Y39E4B.13_24"
"Y39E4B.2",305,"Y39E4B.2_305"
"Y39E4B.6a",30,"Y39E4B.6a_30"
"Y39F10B.1a",32,"Y39F10B.1a_32"
"Y39G10AR.13a.1",435,"Y39G10AR.13a.1_435"
"Y39G10AR.15",549,"Y39G10AR.15_549"
"Y39G10AR.16",117,"Y39G10AR.16_117"
"Y39G10AR.18a",392,"Y39G10AR.18a_392"
"Y39G8C.1.1",1573,"Y39G8C.1.1_1573"
"Y39H10A.1",66,"Y39H10A.1_66"
"Y39H10B.3",113,"Y39H10B.3_113"
"Y40C7B.4",91,"Y40C7B.4_91"
"Y40H7A.3a",5,"Y40H7A.3a_5"
"Y41D4A.7a",265,"Y41D4A.7a_265"
"Y41D4B.11a",141,"Y41D4B.11a_141"
"Y41D4B.11a",159,"Y41D4B.11a_159"
"Y41E3.11a.1",158,"Y41E3.11a.1_158"
"Y41E3.11a.1",541,"Y41E3.11a.1_541"
"Y41E3.11a.1",746,"Y41E3.11a.1_746"
"Y41E3.11a.1",1243,"Y41E3.11a.1_1243"
"Y41E3.18",210,"Y41E3.18_210"
"Y41E3.19",262,"Y41E3.19_262"
"Y41E3.9a",883,"Y41E3.9a_883"
"Y42H9AR.4.1",3,"Y42H9AR.4.1_3"
"Y42H9AR.4.1",14,"Y42H9AR.4.1_14"
"Y43D4A.6",283,"Y43D4A.6_283"
"Y43F4B.3",57,"Y43F4B.3_57"
"Y43F4B.6",746,"Y43F4B.6_746"
"Y43F4B.6",862,"Y43F4B.6_862"
"Y43F8B.18",234,"Y43F8B.18_234"
"Y43H11AL.3a",205,"Y43H11AL.3a_205"
"Y43H11AL.3a",540,"Y43H11AL.3a_540"
"Y43H11AL.3a",708,"Y43H11AL.3a_708"
"Y44A6B.2a",199,"Y44A6B.2a_199"
"Y44A6C.2",339,"Y44A6C.2_339"
"Y44F5A.1",354,"Y44F5A.1_354"
"Y45F10B.5",306,"Y45F10B.5_306"
"Y45F10D.14",276,"Y45F10D.14_276"
"Y45F10D.15",193,"Y45F10D.15_193"
"Y45F10D.16",42,"Y45F10D.16_42"
"Y45G5AM.8a",110,"Y45G5AM.8a_110"
"Y46B2A.2",18,"Y46B2A.2_18"
"Y46E12A.2",95,"Y46E12A.2_95"
"Y46E12BL.2a",1055,"Y46E12BL.2a_1055"
"Y46E12BR.1",176,"Y46E12BR.1_176"
"Y46G5A.4",2136,"Y46G5A.4_2136"
"Y46H3C.2a",339,"Y46H3C.2a_339"
"Y46H3C.7",79,"Y46H3C.7_79"
"Y46H3C.7",85,"Y46H3C.7_85"
"Y47D3A.17c",26,"Y47D3A.17c_26"
"Y47D3A.17c",782,"Y47D3A.17c_782"
"Y47D3A.27",191,"Y47D3A.27_191"
"Y47D3A.29b",798,"Y47D3A.29b_798"
"Y47D3A.29b",1018,"Y47D3A.29b_1018"
"Y47D3A.4",603,"Y47D3A.4_603"
"Y47D3A.6a",1087,"Y47D3A.6a_1087"
"Y47D3B.5b",876,"Y47D3B.5b_876"
"Y47D3B.7",642,"Y47D3B.7_642"
"Y47G6A.1.1",165,"Y47G6A.1.1_165"
"Y47G6A.10",770,"Y47G6A.10_770"
"Y47G6A.12.1",785,"Y47G6A.12.1_785"
"Y47G6A.17",1410,"Y47G6A.17_1410"
"Y47G6A.18.1",9,"Y47G6A.18.1_9"
"Y47G6A.23d",1809,"Y47G6A.23d_1809"
"Y47G6A.6",321,"Y47G6A.6_321"
"Y47G6A.9",138,"Y47G6A.9_138"
"Y47H9A.1",128,"Y47H9A.1_128"
"Y47H9C.2",73,"Y47H9C.2_73"
"Y48A6B.11b",284,"Y48A6B.11b_284"
"Y48A6B.13f",869,"Y48A6B.13f_869"
"Y48A6B.8",5,"Y48A6B.8_5"
"Y48A6B.8",50,"Y48A6B.8_50"
"Y48B6A.11",427,"Y48B6A.11_427"
"Y48B6A.11",434,"Y48B6A.11_434"
"Y48B6A.12.1",250,"Y48B6A.12.1_250"
"Y48B6A.13b.1",92,"Y48B6A.13b.1_92"
"Y48B6A.3",512,"Y48B6A.3_512"
"Y48B6A.6a.1",229,"Y48B6A.6a.1_229"
"Y48B6A.8",2,"Y48B6A.8_2"
"Y48C3A.14a",28,"Y48C3A.14a_28"
"Y48C3A.5b",494,"Y48C3A.5b_494"
"Y48C3A.7",98,"Y48C3A.7_98"
"Y48E1A.1a",553,"Y48E1A.1a_553"
"Y48E1B.1",258,"Y48E1B.1_258"
"Y48E1B.2a",466,"Y48E1B.2a_466"
"Y48E1B.2a",763,"Y48E1B.2a_763"
"Y48G1BM.6",885,"Y48G1BM.6_885"
"Y48G1BR.1",486,"Y48G1BR.1_486"
"Y48G1C.5",568,"Y48G1C.5_568"
"Y48G1C.8b",108,"Y48G1C.8b_108"
"Y48G8AL.10a",261,"Y48G8AL.10a_261"
"Y48G8AL.5a",435,"Y48G8AL.5a_435"
"Y48G9A.7",26,"Y48G9A.7_26"
"Y49A3A.3",23,"Y49A3A.3_23"
"Y49E10.11c.1",101,"Y49E10.11c.1_101"
"Y49F6B.4",417,"Y49F6B.4_417"
"Y4C6A.2d.1",939,"Y4C6A.2d.1_939"
"Y4C6B.2a",369,"Y4C6B.2a_369"
"Y50D4A.1a",694,"Y50D4A.1a_694"
"Y50D4A.1a",763,"Y50D4A.1a_763"
"Y50D7A.4",619,"Y50D7A.4_619"
"Y50D7A.6.1",388,"Y50D7A.6.1_388"
"Y50D7A.8",221,"Y50D7A.8_221"
"Y50E8A.10",67,"Y50E8A.10_67"
"Y50E8A.10",83,"Y50E8A.10_83"
"Y51A2D.7b.1",802,"Y51A2D.7b.1_802"
"Y51B9A.7",50,"Y51B9A.7_50"
"Y51F10.11",220,"Y51F10.11_220"
"Y51F10.3a",195,"Y51F10.3a_195"
"Y51H1A.4",138,"Y51H1A.4_138"
"Y51H4A.12",1314,"Y51H4A.12_1314"
"Y51H4A.25e",85,"Y51H4A.25e_85"
"Y51H4A.4a",90,"Y51H4A.4a_90"
"Y51H4A.4a",109,"Y51H4A.4a_109"
"Y51H4A.935",23,"Y51H4A.935_23"
"Y51H4A.938b",6,"Y51H4A.938b_6"
"Y51H7C.15",71,"Y51H7C.15_71"
"Y51H7C.3",17,"Y51H7C.3_17"
"Y51H7C.5.1",73,"Y51H7C.5.1_73"
"Y52B11A.10",143,"Y52B11A.10_143"
"Y52B11A.4.1",177,"Y52B11A.4.1_177"
"Y52B11A.4.1",427,"Y52B11A.4.1_427"
"Y52B11A.7",93,"Y52B11A.7_93"
"Y53C10A.10",345,"Y53C10A.10_345"
"Y53C10A.10",354,"Y53C10A.10_354"
"Y53C12B.1",270,"Y53C12B.1_270"
"Y53C12B.6",83,"Y53C12B.6_83"
"Y53F4B.1",460,"Y53F4B.1_460"
"Y53F4B.19",304,"Y53F4B.19_304"
"Y53F4B.19",332,"Y53F4B.19_332"
"Y53F4B.23",202,"Y53F4B.23_202"
"Y53F4B.26",108,"Y53F4B.26_108"
"Y53F4B.28",844,"Y53F4B.28_844"
"Y53F4B.3",120,"Y53F4B.3_120"
"Y53F4B.7",108,"Y53F4B.7_108"
"Y53G8AL.1",658,"Y53G8AL.1_658"
"Y53G8AM.8.1",30,"Y53G8AM.8.1_30"
"Y53G8AR.3b",221,"Y53G8AR.3b_221"
"Y53G8AR.3b",241,"Y53G8AR.3b_241"
"Y53G8AR.5",214,"Y53G8AR.5_214"
"Y53G8AR.5",259,"Y53G8AR.5_259"
"Y53H1A.5a",193,"Y53H1A.5a_193"
"Y54E10A.16",181,"Y54E10A.16_181"
"Y54E10BL.3",8,"Y54E10BL.3_8"
"Y54E2A.11a.1",656,"Y54E2A.11a.1_656"
"Y54E2A.7",287,"Y54E2A.7_287"
"Y54E2A.8a",125,"Y54E2A.8a_125"
"Y54E2A.8a",330,"Y54E2A.8a_330"
"Y54E5A.6",322,"Y54E5A.6_322"
"Y54F10BM.1",618,"Y54F10BM.1_618"
"Y54F10BM.2",152,"Y54F10BM.2_152"
"Y54G11A.19",25,"Y54G11A.19_25"
"Y54G11A.8a",104,"Y54G11A.8a_104"
"Y54G2A.1",31,"Y54G2A.1_31"
"Y54G2A.26a",188,"Y54G2A.26a_188"
"Y54G2A.26a",578,"Y54G2A.26a_578"
"Y54G2A.49b",32,"Y54G2A.49b_32"
"Y54G2A.49b",102,"Y54G2A.49b_102"
"Y54G2A.73a",377,"Y54G2A.73a_377"
"Y54G9A.10",329,"Y54G9A.10_329"
"Y54G9A.7",116,"Y54G9A.7_116"
"Y55B1AR.4",330,"Y55B1AR.4_330"
"Y55B1BM.1a",505,"Y55B1BM.1a_505"
"Y55B1BR.2",114,"Y55B1BR.2_114"
"Y55B1BR.2",129,"Y55B1BR.2_129"
"Y55B1BR.3.1",211,"Y55B1BR.3.1_211"
"Y55B1BR.3.1",275,"Y55B1BR.3.1_275"
"Y55B1BR.3.1",379,"Y55B1BR.3.1_379"
"Y55D5A.5c.1",897,"Y55D5A.5c.1_897"
"Y55D9A.2b",153,"Y55D9A.2b_153"
"Y55F3BR.4a",241,"Y55F3BR.4a_241"
"Y55F3C.9a",255,"Y55F3C.9a_255"
"Y55H10A.2",35,"Y55H10A.2_35"
"Y56A3A.30",641,"Y56A3A.30_641"
"Y56A3A.30",663,"Y56A3A.30_663"
"Y56A3A.33",9,"Y56A3A.33_9"
"Y56A3A.7b",17,"Y56A3A.7b_17"
"Y56A3A.7b",173,"Y56A3A.7b_173"
"Y56A3A.7b",311,"Y56A3A.7b_311"
"Y57A10A.1",168,"Y57A10A.1_168"
"Y57A10A.18c",433,"Y57A10A.18c_433"
"Y57A10A.18c",1100,"Y57A10A.18c_1100"
"Y57A10A.19",213,"Y57A10A.19_213"
"Y57A10A.19",334,"Y57A10A.19_334"
"Y57A10A.28",296,"Y57A10A.28_296"
"Y57A10A.4",100,"Y57A10A.4_100"
"Y57A10A.4",255,"Y57A10A.4_255"
"Y57A10B.1",252,"Y57A10B.1_252"
"Y57E12B.3",422,"Y57E12B.3_422"
"Y57G11C.18",615,"Y57G11C.18_615"
"Y57G11C.20",246,"Y57G11C.20_246"
"Y57G11C.9b",264,"Y57G11C.9b_264"
"Y57G7A.10",123,"Y57G7A.10_123"
"Y58A7A.3.1",523,"Y58A7A.3.1_523"
"Y58A7A.4",542,"Y58A7A.4_542"
"Y58G8A.4b",280,"Y58G8A.4b_280"
"Y59A8A.4",322,"Y59A8A.4_322"
"Y59A8B.1a",429,"Y59A8B.1a_429"
"Y59A8B.1a",951,"Y59A8B.1a_951"
"Y59A8B.21",5,"Y59A8B.21_5"
"Y59C2A.3",292,"Y59C2A.3_292"
"Y59C2A.3",721,"Y59C2A.3_721"
"Y59E9AL.36",53,"Y59E9AL.36_53"
"Y59E9AL.36",288,"Y59E9AL.36_288"
"Y59E9AL.36",465,"Y59E9AL.36_465"
"Y59E9AL.36",484,"Y59E9AL.36_484"
"Y59E9AL.8",101,"Y59E9AL.8_101"
"Y5H2B.3",70,"Y5H2B.3_70"
"Y60A3A.12",6,"Y60A3A.12_6"
"Y60A3A.25",217,"Y60A3A.25_217"
"Y61A9LA.10",121,"Y61A9LA.10_121"
"Y61A9LA.10",1007,"Y61A9LA.10_1007"
"Y61A9LA.8",111,"Y61A9LA.8_111"
"Y61A9LA.8",160,"Y61A9LA.8_160"
"Y61B8A.4",91,"Y61B8A.4_91"
"Y62E10A.16",35,"Y62E10A.16_35"
"Y62E10A.5a.1",158,"Y62E10A.5a.1_158"
"Y62F5A.10",34,"Y62F5A.10_34"
"Y62H9A.9",326,"Y62H9A.9_326"
"Y63D3A.6b.1",59,"Y63D3A.6b.1_59"
"Y63D3A.6b.1",399,"Y63D3A.6b.1_399"
"Y63D3A.6b.1",519,"Y63D3A.6b.1_519"
"Y63D3A.6b.1",532,"Y63D3A.6b.1_532"
"Y64G10A.7b",1711,"Y64G10A.7b_1711"
"Y65B4A.1",411,"Y65B4A.1_411"
"Y65B4A.2c",45,"Y65B4A.2c_45"
"Y65B4A.3",69,"Y65B4A.3_69"
"Y65B4BR.4a",152,"Y65B4BR.4a_152"
"Y65B4BR.9",69,"Y65B4BR.9_69"
"Y66A7A.5",73,"Y66A7A.5_73"
"Y66D12A.11",132,"Y66D12A.11_132"
"Y66D12A.14",747,"Y66D12A.14_747"
"Y66D12A.15.1",6,"Y66D12A.15.1_6"
"Y66D12A.5",524,"Y66D12A.5_524"
"Y66D12A.8a",237,"Y66D12A.8a_237"
"Y66H1A.6c",997,"Y66H1A.6c_997"
"Y66H1B.2l.1",1256,"Y66H1B.2l.1_1256"
"Y67D2.7.1",38,"Y67D2.7.1_38"
"Y67D8A.2b.1",1168,"Y67D8A.2b.1_1168"
"Y67D8B.1",241,"Y67D8B.1_241"
"Y67D8C.5h",717,"Y67D8C.5h_717"
"Y67D8C.9b",35,"Y67D8C.9b_35"
"Y67D8C.9b",720,"Y67D8C.9b_720"
"Y67H2A.4d",154,"Y67H2A.4d_154"
"Y67H2A.6b",371,"Y67H2A.6b_371"
"Y68A4A.7",329,"Y68A4A.7_329"
"Y69A2AR.15",430,"Y69A2AR.15_430"
"Y69A2AR.19a",863,"Y69A2AR.19a_863"
"Y69A2AR.21",30,"Y69A2AR.21_30"
"Y69A2AR.22",59,"Y69A2AR.22_59"
"Y69H2.1a",71,"Y69H2.1a_71"
"Y69H2.9",302,"Y69H2.9_302"
"Y6B3B.1",893,"Y6B3B.1_893"
"Y6B3B.1",910,"Y6B3B.1_910"
"Y6B3B.1",1294,"Y6B3B.1_1294"
"Y6B3B.3",1080,"Y6B3B.3_1080"
"Y6B3B.4",18,"Y6B3B.4_18"
"Y6B3B.4",175,"Y6B3B.4_175"
"Y6B3B.9a",372,"Y6B3B.9a_372"
"Y6B3B.9a",471,"Y6B3B.9a_471"
"Y6E2A.10",4,"Y6E2A.10_4"
"Y6E2A.8",311,"Y6E2A.8_311"
"Y70C5C.1",947,"Y70C5C.1_947"
"Y71A12B.1a",92,"Y71A12B.1a_92"
"Y71A12B.4",95,"Y71A12B.4_95"
"Y71A12B.9",172,"Y71A12B.9_172"
"Y71F9AL.1",110,"Y71F9AL.1_110"
"Y71F9AL.18a",252,"Y71F9AL.18a_252"
"Y71F9AL.9",72,"Y71F9AL.9_72"
"Y71F9AR.1",514,"Y71F9AR.1_514"
"Y71F9B.10c",1156,"Y71F9B.10c_1156"
"Y71F9B.16a",121,"Y71F9B.16a_121"
"Y71F9B.16a",159,"Y71F9B.16a_159"
"Y71F9B.6a",248,"Y71F9B.6a_248"
"Y71F9B.7",126,"Y71F9B.7_126"
"Y71G12B.11a",429,"Y71G12B.11a_429"
"Y71G12B.13",334,"Y71G12B.13_334"
"Y71G12B.1a",417,"Y71G12B.1a_417"
"Y71G12B.27",68,"Y71G12B.27_68"
"Y71H2AM.15a",650,"Y71H2AM.15a_650"
"Y71H2AM.7",144,"Y71H2AM.7_144"
"Y71H2B.2",4,"Y71H2B.2_4"
"Y71H2B.2",290,"Y71H2B.2_290"
"Y71H2B.6",188,"Y71H2B.6_188"
"Y71H9A.1",466,"Y71H9A.1_466"
"Y73B3A.1",354,"Y73B3A.1_354"
"Y73B3A.1",481,"Y73B3A.1_481"
"Y73B3A.20",13,"Y73B3A.20_13"
"Y73B6BL.26b",344,"Y73B6BL.26b_344"
"Y73B6BL.35a",85,"Y73B6BL.35a_85"
"Y73B6BL.7a",299,"Y73B6BL.7a_299"
"Y73E7A.2",413,"Y73E7A.2_413"
"Y73F4A.1",89,"Y73F4A.1_89"
"Y73F8A.20",440,"Y73F8A.20_440"
"Y73F8A.20",538,"Y73F8A.20_538"
"Y73F8A.24c",279,"Y73F8A.24c_279"
"Y73F8A.34a.1",464,"Y73F8A.34a.1_464"
"Y73F8A.5",222,"Y73F8A.5_222"
"Y74C9A.1",16,"Y74C9A.1_16"
"Y74C9A.5",6,"Y74C9A.5_6"
"Y75B12B.6.1",467,"Y75B12B.6.1_467"
"Y75B7AL.1a",367,"Y75B7AL.1a_367"
"Y75B7AL.3.1",63,"Y75B7AL.3.1_63"
"Y75B7AL.4c",361,"Y75B7AL.4c_361"
"Y75B7B.1",64,"Y75B7B.1_64"
"Y75B8A.16",207,"Y75B8A.16_207"
"Y75B8A.20",76,"Y75B8A.20_76"
"Y75B8A.22.1",1251,"Y75B8A.22.1_1251"
"Y75B8A.2a",163,"Y75B8A.2a_163"
"Y75B8A.39",34,"Y75B8A.39_34"
"Y75B8A.4",220,"Y75B8A.4_220"
"Y75B8A.7",267,"Y75B8A.7_267"
"Y75D11A.6",35,"Y75D11A.6_35"
"Y76B12C.2",790,"Y76B12C.2_790"
"Y76B12C.4a",39,"Y76B12C.4a_39"
"Y76B12C.6b",527,"Y76B12C.6b_527"
"Y76B12C.9",53,"Y76B12C.9_53"
"Y79H2A.3a",1359,"Y79H2A.3a_1359"
"Y7A5A.2",140,"Y7A5A.2_140"
"Y80D3A.2a",1422,"Y80D3A.2a_1422"
"Y81G3A.3b.1",398,"Y81G3A.3b.1_398"
"Y82E9BL.17",18,"Y82E9BL.17_18"
"Y82E9BR.12",119,"Y82E9BR.12_119"
"Y82E9BR.17a",185,"Y82E9BR.17a_185"
"Y87G2A.17",86,"Y87G2A.17_86"
"Y87G2A.20",53,"Y87G2A.20_53"
"Y87G2A.20",82,"Y87G2A.20_82"
"Y87G2A.6.1",11,"Y87G2A.6.1_11"
"Y87G2A.8b",11,"Y87G2A.8b_11"
"Y8A9A.2",1127,"Y8A9A.2_1127"
"Y8G1A.1a",51,"Y8G1A.1a_51"
"Y92H12A.2a",219,"Y92H12A.2a_219"
"Y92H12A.4a.1",1034,"Y92H12A.4a.1_1034"
"Y92H12BL.4",133,"Y92H12BL.4_133"
"Y94A7B.6",312,"Y94A7B.6_312"
"Y94H6A.11a",125,"Y94H6A.11a_125"
"Y94H6A.5a",588,"Y94H6A.5a_588"
"Y94H6A.5a",730,"Y94H6A.5a_730"
"Y95B8A.10a",189,"Y95B8A.10a_189"
"Y97E10AR.3",131,"Y97E10AR.3_131"
"Y97E10AR.4",450,"Y97E10AR.4_450"
"Y97E10B.3",37,"Y97E10B.3_37"
"ZC123.1",36,"ZC123.1_36"
"ZC123.1",425,"ZC123.1_425"
"ZC123.1",563,"ZC123.1_563"
"ZC123.1",649,"ZC123.1_649"
"ZC123.4b",185,"ZC123.4b_185"
"ZC13.3",504,"ZC13.3_504"
"ZC15.3",66,"ZC15.3_66"
"ZC168.1",215,"ZC168.1_215"
"ZC196.2",315,"ZC196.2_315"
"ZC196.3a",214,"ZC196.3a_214"
"ZC196.4",273,"ZC196.4_273"
"ZC196.5",11,"ZC196.5_11"
"ZC196.5",206,"ZC196.5_206"
"ZC204.2",349,"ZC204.2_349"
"ZC317.7",298,"ZC317.7_298"
"ZC373.4",452,"ZC373.4_452"
"ZC376.8",38,"ZC376.8_38"
"ZC395.8",197,"ZC395.8_197"
"ZC395.8",371,"ZC395.8_371"
"ZC404.2",26,"ZC404.2_26"
"ZC412.1a",247,"ZC412.1a_247"
"ZC434.10",214,"ZC434.10_214"
"ZC434.4",5,"ZC434.4_5"
"ZC434.4",223,"ZC434.4_223"
"ZC443.2",119,"ZC443.2_119"
"ZC443.2",133,"ZC443.2_133"
"ZC449.1",327,"ZC449.1_327"
"ZC449.3b",5,"ZC449.3b_5"
"ZC482.8",257,"ZC482.8_257"
"ZC504.3",274,"ZC504.3_274"
"ZC504.4c",456,"ZC504.4c_456"
"ZC504.4c",837,"ZC504.4c_837"
"ZC506.3.1",15,"ZC506.3.1_15"
"ZC506.4c",520,"ZC506.4c_520"
"ZC513.3",170,"ZC513.3_170"
"ZC581.3",221,"ZC581.3_221"
"ZC8.3",515,"ZC8.3_515"
"ZC8.6",507,"ZC8.6_507"
"ZC97.1a.1",165,"ZC97.1a.1_165"
"ZK1005.1a",530,"ZK1005.1a_530"
"ZK1005.1a",1644,"ZK1005.1a_1644"
"ZK1010.1",111,"ZK1010.1_111"
"ZK1010.10.1",85,"ZK1010.10.1_85"
"ZK1010.2",49,"ZK1010.2_49"
"ZK1010.3",30,"ZK1010.3_30"
"ZK105.2",235,"ZK105.2_235"
"ZK1053.3",117,"ZK1053.3_117"
"ZK1058.4.1",372,"ZK1058.4.1_372"
"ZK1067.6a",461,"ZK1067.6a_461"
"ZK1127.6.1",279,"ZK1127.6.1_279"
"ZK1127.9a",533,"ZK1127.9a_533"
"ZK1127.9a",770,"ZK1127.9a_770"
"ZK1128.3",39,"ZK1128.3_39"
"ZK1236.1",416,"ZK1236.1_416"
"ZK1236.2",17,"ZK1236.2_17"
"ZK1236.2",156,"ZK1236.2_156"
"ZK1236.3a",935,"ZK1236.3a_935"
"ZK1236.7a",159,"ZK1236.7a_159"
"ZK1248.15",31,"ZK1248.15_31"
"ZK1248.15",65,"ZK1248.15_65"
"ZK1251.9a",264,"ZK1251.9a_264"
"ZK131.5",24,"ZK131.5_24"
"ZK131.9",24,"ZK131.9_24"
"ZK1320.10",105,"ZK1320.10_105"
"ZK154.5.1",649,"ZK154.5.1_649"
"ZK177.1",159,"ZK177.1_159"
"ZK177.3",72,"ZK177.3_72"
"ZK185.1c",243,"ZK185.1c_243"
"ZK250.9",108,"ZK250.9_108"
"ZK262.2",347,"ZK262.2_347"
"ZK262.3",347,"ZK262.3_347"
"ZK265.2",371,"ZK265.2_371"
"ZK285.2",72,"ZK285.2_72"
"ZK285.2",122,"ZK285.2_122"
"ZK328.2.1",942,"ZK328.2.1_942"
"ZK328.6",306,"ZK328.6_306"
"ZK328.6",312,"ZK328.6_312"
"ZK328.6",339,"ZK328.6_339"
"ZK328.8b.1",251,"ZK328.8b.1_251"
"ZK337.1c.1",669,"ZK337.1c.1_669"
"ZK354.8",179,"ZK354.8_179"
"ZK354.9",20,"ZK354.9_20"
"ZK370.4b",393,"ZK370.4b_393"
"ZK377.2b",673,"ZK377.2b_673"
"ZK380.1",37,"ZK380.1_37"
"ZK381.5a",6,"ZK381.5a_6"
"ZK381.5a",513,"ZK381.5a_513"
"ZK418.13",121,"ZK418.13_121"
"ZK418.13",141,"ZK418.13_141"
"ZK430.5",1236,"ZK430.5_1236"
"ZK484.4a",875,"ZK484.4a_875"
"ZK512.2a",511,"ZK512.2a_511"
"ZK524.2d",2024,"ZK524.2d_2024"
"ZK524.3a",849,"ZK524.3a_849"
"ZK546.14a.1",445,"ZK546.14a.1_445"
"ZK546.14a.1",458,"ZK546.14a.1_458"
"ZK546.5",298,"ZK546.5_298"
"ZK593.4a",1377,"ZK593.4a_1377"
"ZK593.7",7,"ZK593.7_7"
"ZK617.1b.1",1367,"ZK617.1b.1_1367"
"ZK632.11",27,"ZK632.11_27"
"ZK632.11",134,"ZK632.11_134"
"ZK643.5.1",249,"ZK643.5.1_249"
"ZK643.5.1",277,"ZK643.5.1_277"
"ZK643.5.1",328,"ZK643.5.1_328"
"ZK643.5.1",359,"ZK643.5.1_359"
"ZK662.2",162,"ZK662.2_162"
"ZK662.6",189,"ZK662.6_189"
"ZK669.1a",358,"ZK669.1a_358"
"ZK675.1.1",420,"ZK675.1.1_420"
"ZK675.1.1",819,"ZK675.1.1_819"
"ZK675.2",175,"ZK675.2_175"
"ZK678.1.1",399,"ZK678.1.1_399"
"ZK686.4",46,"ZK686.4_46"
"ZK686.5",102,"ZK686.5_102"
"ZK686.5",121,"ZK686.5_121"
"ZK688.10",203,"ZK688.10_203"
"ZK688.2",393,"ZK688.2_393"
"ZK688.2",570,"ZK688.2_570"
"ZK721.2",45,"ZK721.2_45"
"ZK742.2",331,"ZK742.2_331"
"ZK757.2",281,"ZK757.2_281"
"ZK792.4a",301,"ZK792.4a_301"
"ZK792.4a",373,"ZK792.4a_373"
"ZK792.5",3,"ZK792.5_3"
"ZK792.6",177,"ZK792.6_177"
"ZK792.8",229,"ZK792.8_229"
"ZK813.3",68,"ZK813.3_68"
"ZK816.1",32,"ZK816.1_32"
"ZK822.9b",19,"ZK822.9b_19"
"ZK829.2",275,"ZK829.2_275"
"ZK829.5",206,"ZK829.5_206"
"ZK84.4",31,"ZK84.4_31"
"ZK856.13",698,"ZK856.13_698"
"ZK856.6",57,"ZK856.6_57"
"ZK858.1",69,"ZK858.1_69"
"ZK858.5",201,"ZK858.5_201"
"ZK892.1f",21,"ZK892.1f_21"
"ZK892.7",179,"ZK892.7_179"
"ZK899.3",165,"ZK899.3_165"
"ZK899.8c",515,"ZK899.8c_515"
"ZK909.2c.1",117,"ZK909.2c.1_117"
"ZK909.4",122,"ZK909.4_122"
"ZK930.4",124,"ZK930.4_124"
"ZK930.7",116,"ZK930.7_116"
"ZK938.10",35,"ZK938.10_35"
"ZK938.3",344,"ZK938.3_344"
"ZK945.3",205,"ZK945.3_205"
"ZK973.2.1",494,"ZK973.2.1_494"
"ZK973.5",242,"ZK973.5_242"
"ZK973.6",2285,"ZK973.6_2285"
"ZK973.6",2343,"ZK973.6_2343"
"ZK973.6",2401,"ZK973.6_2401"
"ZK973.6",2459,"ZK973.6_2459"
"ZK973.6",2517,"ZK973.6_2517"
"ZK973.6",2575,"ZK973.6_2575"
"cTel54X.1",117,"cTel54X.1_117"
